-- phpMyAdmin SQL Dump
-- version 4.3.11
-- http://www.phpmyadmin.net
--
-- Host: 127.0.0.1
-- Generation Time: Feb 26, 2020 at 02:38 AM
-- Server version: 5.6.24
-- PHP Version: 5.6.8

SET SQL_MODE = "NO_AUTO_VALUE_ON_ZERO";
SET time_zone = "+00:00";


/*!40101 SET @OLD_CHARACTER_SET_CLIENT=@@CHARACTER_SET_CLIENT */;
/*!40101 SET @OLD_CHARACTER_SET_RESULTS=@@CHARACTER_SET_RESULTS */;
/*!40101 SET @OLD_COLLATION_CONNECTION=@@COLLATION_CONNECTION */;
/*!40101 SET NAMES utf8 */;

--
-- Database: `database`
--

-- --------------------------------------------------------

--
-- Table structure for table `tbl_athlete`
--

CREATE TABLE IF NOT EXISTS `tbl_athlete` (
  `a_id` int(11) NOT NULL,
  `a_name` varchar(255) NOT NULL,
  `a_num` varchar(30) NOT NULL,
  `a_photo` varchar(255) NOT NULL,
  `a_category` varchar(100) NOT NULL,
  `a_level` varchar(100) NOT NULL,
  `del_id` int(11) NOT NULL,
  `status` int(11) NOT NULL
) ENGINE=InnoDB AUTO_INCREMENT=244 DEFAULT CHARSET=latin1;

--
-- Dumping data for table `tbl_athlete`
--

INSERT INTO `tbl_athlete` (`a_id`, `a_name`, `a_num`, `a_photo`, `a_category`, `a_level`, `del_id`, `status`) VALUES
(2, 'BANGKA, VANESSA E.', '063', 'images/default.gif', 'Girls', 'Elementary', 2, 1),
(3, 'AGUM, JONH MACKY Q.', '298', 'images/default.gif', 'Boys', 'Secondary', 6, 1),
(4, 'BILONOAC, APRIL ROSE Z. ', '077', 'images/default.gif', 'Girls', 'Secondary', 2, 1),
(5, 'CALIT, JOHN R.', '001', 'images/default.gif', 'Boys', 'Elementary', 9, 1),
(6, 'ANGTOD, ERICJUN R.', '299', 'images/default.gif', 'Boys', 'Secondary', 6, 1),
(7, 'DELOS REYES, LEA SHERYL B. ', '064', 'images/default.gif', 'Girls', 'Elementary', 2, 1),
(8, 'DELOS SANTOS, ANGEL F. ', '065', 'images/default.gif', 'Girls', 'Elementary', 2, 1),
(9, 'DEPLAN, RENANTE B.', '002', 'images/default.gif', 'Boys', 'Elementary', 9, 1),
(10, 'ASILO, RUSSEL Q.', '300', 'images/default.gif', 'Boys', 'Secondary', 6, 1),
(11, 'BASNIG, BRYAN G.', '301', 'images/default.gif', 'Boys', 'Secondary', 6, 1),
(12, 'ISIP, JEFRAN P.', '003', 'images/default.gif', 'Boys', 'Elementary', 9, 1),
(13, 'HATE, ANGIE B.', '078', 'images/default.gif', 'Girls', 'Secondary', 2, 1),
(14, 'ESCOL, CHERRY MAE G.', '1001', 'images/default.gif', 'Girls', 'Elementary', 2, 1),
(15, 'LOFRANCO, PETER BOY T.', '302', 'images/default.gif', 'Boys', 'Secondary', 6, 1),
(16, 'LARGO, KHENT C. ', '004', 'images/default.gif', 'Boys', 'Elementary', 9, 1),
(17, 'ESCOL, CHERRY MAE G. ', '066', 'images/default.gif', 'Girls', 'Elementary', 2, 1),
(18, 'LUCES, HARIES RALPH A.', '303', 'images/default.gif', 'Boys', 'Secondary', 6, 1),
(19, 'GONZALES, CRISTY MAE F.', '067', 'images/default.gif', 'Girls', 'Elementary', 2, 1),
(20, 'PABUA, AERTH VINCENT Y.', '304', 'images/default.gif', 'Boys', 'Secondary', 6, 1),
(21, 'JAPAY, JESSA MAE', '079', 'images/default.gif', 'Girls', 'Secondary', 2, 1),
(22, 'LLABORE, JESS PAUL L.', '005', 'images/default.gif', 'Boys', 'Elementary', 9, 1),
(23, 'PECAN, REGINE L.', '068', 'images/default.gif', 'Girls', 'Elementary', 2, 1),
(24, 'SEMILLA, SWEET MIE ROSE P.', '069', 'images/default.gif', 'Girls', 'Elementary', 2, 1),
(25, 'MACAJAS, EUGENE A.', '006', 'images/default.gif', 'Boys', 'Elementary', 9, 1),
(26, 'LABISTO, MELODIE', '080', 'images/default.gif', 'Girls', 'Secondary', 2, 1),
(27, 'PANONICIAL, JOEL D.', '305', 'images/default.gif', 'Boys', 'Secondary', 6, 1),
(28, 'MANSING, JIMUEL', '007', 'images/default.gif', 'Boys', 'Elementary', 9, 1),
(29, 'BALANTE, JOWAHER B.', '277', 'images/default.gif', 'Girls', 'Elementary', 6, 1),
(30, 'VILLAMOR, JEAMES RYL M.', '306', 'images/default.gif', 'Boys', 'Secondary', 6, 1),
(31, 'LIGAD, JUANNA LEE M.', '081', 'images/default.gif', 'Girls', 'Secondary', 2, 1),
(32, 'BATCHILLER, DEXIE A.', '278', 'images/default.gif', 'Girls', 'Elementary', 6, 1),
(33, 'PITOGO, JOHN LOYD K.', '008', 'images/default.gif', 'Boys', 'Elementary', 9, 1),
(34, 'BALBEROS, JHANFORD C.', '1002', 'images/default.gif', 'Boys', 'Secondary', 6, 1),
(35, 'PETALLO, JUVY JANE P. ', '082', 'images/default.gif', 'Girls', 'Secondary', 2, 1),
(36, 'LICARDO, MARICHO S.', '279', 'images/default.gif', 'Girls', 'Elementary', 6, 1),
(37, 'BALBEROS, JHANFORD C.', '217', 'images/default.gif', 'Boys', 'Secondary', 4, 1),
(38, 'ROSTE, DONDON S.', '009', 'images/default.gif', 'Boys', 'Elementary', 9, 1),
(39, 'RABOR, MELCHIE B.', '083', 'images/default.gif', 'Girls', 'Secondary', 2, 1),
(40, 'LEONES, AYESSAMAE M.', '280', 'images/default.gif', 'Girls', 'Elementary', 6, 1),
(41, 'TORRES, KEITH O.', '1003', 'images/default.gif', 'Boys', 'Elementary', 9, 1),
(42, 'CALIXTRO, JR', '070', 'images/default.gif', 'Boys', 'Secondary', 2, 1),
(43, 'MACALUA, KHEI-ANN E.', '1004', 'images/default.gif', 'Girls', 'Elementary', 6, 1),
(44, 'ALMINE, JEFF BRYAN C. ', '271', 'images/default.gif', 'Boys', 'Elementary', 6, 1),
(45, 'ROSALES, JEAN ROSE C.', '282', 'images/default.gif', 'Girls', 'Elementary', 6, 1),
(46, 'BRIGOLE, MADEL Q.', '292', 'images/default.gif', 'Girls', 'Secondary', 6, 1),
(47, 'CLAVERIA, JEBIE S. ', '272', 'images/default.gif', 'Boys', 'Elementary', 6, 1),
(48, 'ABENOJA, LOVELY QUEEN L.', '011', 'images/default.gif', 'Girls', 'Elementary', 9, 1),
(49, 'DAMING, GIL JR. E.', '071', 'images/default.gif', 'Boys', 'Secondary', 2, 1),
(50, 'NOLIA, ALLIN JOHN M.', '072', 'images/default.gif', 'Boys', 'Secondary', 2, 1),
(51, 'GILBERO, JHON LLOYD L.', '273', 'images/default.gif', 'Boys', 'Elementary', 6, 1),
(52, 'ALAS, GRAZILLE ANNE E.', '012', 'images/default.gif', 'Girls', 'Elementary', 9, 1),
(53, 'DECLA, EMY L.', '293', 'images/default.gif', 'Girls', 'Secondary', 6, 1),
(54, 'LUCERO, LEONARD C.', '274', 'images/default.gif', 'Boys', 'Elementary', 6, 1),
(55, 'PETALLO, JOHN RYLLE N.', '073', 'images/default.gif', 'Boys', 'Secondary', 2, 1),
(56, 'CANILLO, SHENA MAE C.', '013', 'images/default.gif', 'Girls', 'Elementary', 9, 1),
(57, 'RABOR, ARIEL B.', '074', 'images/default.gif', 'Boys', 'Secondary', 2, 1),
(58, 'OTOC, RUBEN L.', '275', 'images/default.gif', 'Boys', 'Elementary', 6, 1),
(59, 'CANONERO, GLEZABEL A.', '014', 'images/default.gif', 'Girls', 'Elementary', 9, 1),
(60, 'GARBO, QUEEN LYKA M.', '294', 'images/default.gif', 'Girls', 'Secondary', 6, 1),
(61, 'VILLEGAS, JOHN RAVEN', '276', 'images/default.gif', 'Boys', 'Elementary', 6, 1),
(62, 'GALURAN, ANGELECA E.', '015', 'images/default.gif', 'Girls', 'Elementary', 9, 1),
(63, 'BUSCATO, ADRIAN JAY A.', '218', 'images/default.gif', 'Boys', 'Secondary', 4, 1),
(64, 'LAURENTE, ALOHA NECOLE B.', '016', 'images/default.gif', 'Girls', 'Elementary', 9, 1),
(65, 'MAGLANTAY, CLAIRE', '295', 'images/default.gif', 'Girls', 'Secondary', 6, 1),
(66, 'LLEGUE, KRIZZEL C.', '017', 'images/default.gif', 'Girls', 'Elementary', 9, 1),
(67, 'SIBLERO, ARJAY', '283', 'images/default.gif', 'Boys', 'Elementary', 6, 1),
(68, 'EBALE, MAHNARD T.', '219', 'images/default.gif', 'Boys', 'Secondary', 4, 1),
(69, 'LUMAMBAS, BHEBELEN B.', '018', 'images/default.gif', 'Girls', 'Elementary', 9, 1),
(70, 'HADUCANA, RAMEL C.', '220', 'images/default.gif', 'Boys', 'Secondary', 4, 1),
(71, 'PAEZ, GRACE-ANN C.', '019', 'images/default.gif', 'Girls', 'Elementary', 9, 1),
(72, 'ABIS, YHANZY AL O.', '055', 'images/default.gif', 'Boys', 'Elementary', 2, 1),
(73, 'TORING, JEWEL S.', '296', 'images/default.gif', 'Girls', 'Secondary', 6, 1),
(74, 'MARTINITO, NENO VENCENT N.', '221', 'images/default.gif', 'Boys', 'Secondary', 4, 1),
(75, 'RESANDO, RESA T.', '020', 'images/default.gif', 'Girls', 'Elementary', 9, 1),
(76, 'ARCENAL, MICHAEL ANDREI A.', '056', 'images/default.gif', 'Boys', 'Elementary', 2, 1),
(77, 'VENDER, PRINCESS DIANNE', '297', 'images/default.gif', 'Girls', 'Secondary', 6, 1),
(78, 'ANASCO, LEA MIE D.', '117', 'images/default.gif', 'Girls', 'Elementary', 3, 1),
(79, 'NUNEZ, MARVEN A.', '222', 'images/default.gif', 'Boys', 'Secondary', 4, 1),
(80, 'ASOY, LICHELLE JANE MARIE M.', '118', 'images/default.gif', 'Girls', 'Elementary', 3, 1),
(81, 'DURANO, KRISJON A. ', '057', 'images/default.gif', 'Boys', 'Elementary', 2, 1),
(82, 'PISNGOT, MENARD R.', '223', 'images/default.gif', 'Boys', 'Secondary', 4, 1),
(83, 'BARREDO, HALLY BESHAIRE R.', '119', 'images/default.gif', 'Girls', 'Elementary', 3, 1),
(84, 'ENRIQUES, RALPH ROGEN L.', '058', 'images/default.gif', 'Boys', 'Elementary', 2, 1),
(85, 'BATANG, LORELY G.', '226', 'images/default.gif', 'Girls', 'Elementary', 4, 1),
(86, 'SEVILLEJO, KIER VINCENT S.', '224', 'images/default.gif', 'Boys', 'Secondary', 4, 1),
(87, 'ALBIAR, VERDIE LOVE ', '126', 'images/default.gif', 'Girls', 'Secondary', 3, 1),
(88, 'DACATIMBAN, JESSIEGIRL G.', '227', 'images/default.gif', 'Girls', 'Elementary', 4, 1),
(89, 'TOMANOT, HERRO B.', '225', 'images/default.gif', 'Boys', 'Secondary', 4, 1),
(90, 'ANOBA,SHENA JANE', '121', 'images/default.gif', 'Girls', 'Secondary', 3, 1),
(91, 'GANA, RHEA JANE Z.', '228', 'images/default.gif', 'Girls', 'Elementary', 4, 1),
(92, 'PACOT, ELBERT F.', '059', 'images/default.gif', 'Boys', 'Elementary', 2, 1),
(93, 'JUBAN, GENLY-ANN P.', '229', 'images/default.gif', 'Girls', 'Elementary', 4, 1),
(94, 'PETALLO, JOLLY JIUS T.', '060', 'images/default.gif', 'Boys', 'Elementary', 2, 1),
(95, 'LABONG, JOYCE D.', '230', 'images/default.gif', 'Girls', 'Elementary', 4, 1),
(96, 'ANOVER, CHARRY LOVE', '123', 'images/default.gif', 'Girls', 'Secondary', 3, 1),
(97, 'SOLITARIO, LEMAR A.', '075', 'images/default.gif', 'Boys', 'Secondary', 2, 1),
(98, 'MANATAD, CAREL JEAN B.', '231', 'images/default.gif', 'Girls', 'Elementary', 4, 1),
(99, 'RECTO, RICHARD JR. S.', '061', 'images/default.gif', 'Boys', 'Elementary', 2, 1),
(100, 'TUGAY, WAWIE C.', '076', 'images/default.gif', 'Boys', 'Secondary', 2, 1),
(101, 'ORO, GRACE E.', '232', 'images/default.gif', 'Girls', 'Elementary', 4, 1),
(102, 'DEQUITO, DIANA SHAYNE', '127', 'images/default.gif', 'Girls', 'Secondary', 3, 1),
(103, 'EBOL, NOVA', '124', 'images/default.gif', 'Girls', 'Secondary', 3, 1),
(104, 'YAMSON, KENGIE E.', '062', 'images/default.gif', 'Boys', 'Elementary', 2, 1),
(105, 'EVIOTA, ANGELOU', '129', 'images/default.gif', 'Boys', 'Secondary', 3, 1),
(106, 'ANGOB, QUEENSY E.', '234', 'images/default.gif', 'Girls', 'Elementary', 8, 1),
(107, 'JACQUEZ, MELROSE', '125', 'images/default.gif', 'Girls', 'Secondary', 3, 1),
(108, 'EDUSMA, JAMILLA E.', '236', 'images/default.gif', 'Girls', 'Elementary', 8, 1),
(109, 'BAJO, JADE LHEVIC G.', '021', 'images/default.gif', 'Boys', 'Secondary', 9, 1),
(110, 'ASERON, JEM WEAL', '109', 'images/default.gif', 'Boys', 'Elementary', 3, 1),
(111, 'MAYBUENA, RED', '122', 'images/default.gif', 'Girls', 'Secondary', 3, 1),
(112, 'BERONDO, WELMARCH C.', '022', 'images/default.gif', 'Boys', 'Secondary', 9, 1),
(113, 'INOC, ROMAR', '110', 'images/default.gif', 'Boys', 'Elementary', 3, 1),
(114, 'PALMA, PRINCESS MAE', '128', 'images/default.gif', 'Girls', 'Secondary', 3, 1),
(115, 'CALIT, MARIEL', '023', 'images/default.gif', 'Boys', 'Secondary', 9, 1),
(116, 'ILLUT, KEMJIE P.', '024', 'images/default.gif', 'Boys', 'Secondary', 9, 1),
(117, 'LULAB, JELIAN EVE B.', '337', 'images/default.gif', 'Girls', 'Elementary', 8, 1),
(118, 'TEMBLOR, REJAY', '111', 'images/default.gif', 'Boys', 'Elementary', 3, 1),
(119, 'HONGHONG, JHUNDIE E.', '025', 'images/default.gif', 'Boys', 'Secondary', 9, 1),
(120, 'MORTALLA, SHEEN G.', '026', 'images/default.gif', 'Boys', 'Secondary', 9, 1),
(121, 'NERZA, DANIELA M.', '238', 'images/default.gif', 'Girls', 'Elementary', 8, 1),
(122, 'WATIMAR, JR.', '112', 'images/default.gif', 'Boys', 'Elementary', 3, 1),
(123, 'EQUIBAL, ELNICA KC', '120', 'images/default.gif', 'Girls', 'Secondary', 3, 1),
(124, 'NORICO, FRANCIS KENT D.', '027', 'images/default.gif', 'Boys', 'Secondary', 9, 1),
(125, 'PIOQUINTO, REYNA JESSA E.', '239', 'images/default.gif', 'Girls', 'Elementary', 8, 1),
(126, 'TINGKAYAN, JUNREX', '113', 'images/default.gif', 'Boys', 'Elementary', 3, 1),
(127, 'PIEDAD, QUIELMAR', '028', 'images/default.gif', 'Boys', 'Secondary', 9, 1),
(128, 'SALVE, JIEZEL J.', '240', 'images/default.gif', 'Girls', 'Elementary', 8, 1),
(129, 'ABEAR, AIZEL C.', '034', 'images/default.gif', 'Girls', 'Secondary', 9, 1),
(130, 'RUIZ, DEZZON', '029', 'images/default.gif', 'Boys', 'Secondary', 9, 1),
(131, 'SALUTAN, RICECELLE JAMES Y.', '030', 'images/default.gif', 'Boys', 'Secondary', 9, 1),
(132, 'ALCIBAR, JAYSON', '114', 'images/default.gif', 'Boys', 'Elementary', 3, 1),
(133, 'SUBERE, TRIXIE-ANN C.', '241', 'images/default.gif', 'Girls', 'Elementary', 8, 1),
(134, 'LAPINID, ERICH C.', '035', 'images/default.gif', 'Girls', 'Secondary', 9, 1),
(135, 'SAWIT, JAY M.', '031', 'images/default.gif', 'Boys', 'Secondary', 9, 1),
(136, 'TOROTORO, ANALISA S.', '242', 'images/default.gif', 'Girls', 'Elementary', 8, 1),
(137, 'TORRES, SPINCER O.', '033', 'images/default.gif', 'Boys', 'Secondary', 9, 1),
(138, 'NARIT, JOHN PAUL', '115', 'images/default.gif', 'Boys', 'Elementary', 3, 1),
(139, 'BANDULON, JASMINE C.', '235', 'images/default.gif', 'Girls', 'Elementary', 8, 1),
(140, 'LECCIONES, KITCHIE M.', '036', 'images/default.gif', 'Girls', 'Secondary', 9, 1),
(141, 'SOCO, JAMES C.', '032', 'images/default.gif', 'Boys', 'Secondary', 9, 1),
(142, 'GA, ROJIM', '116', 'images/default.gif', 'Boys', 'Elementary', 3, 1),
(143, 'LLEGUE, KIMBERLY C.', '037', 'images/default.gif', 'Girls', 'Secondary', 9, 1),
(144, 'NAMOC, MARINEL M.', '038', 'images/default.gif', 'Girls', 'Secondary', 9, 1),
(145, 'ABELLANO, ZYREL JAY D.', '193', 'images/default.gif', 'Boys', 'Secondary', 5, 1),
(146, 'CANTILADO, PENIEL DONN D.', '224', 'images/default.gif', 'Boys', 'Elementary', 8, 1),
(147, 'PAGARA, RONILA T.', '039', 'images/default.gif', 'Girls', 'Secondary', 9, 1),
(148, 'ASAN, JOHN LIESTER S.', '194', 'images/default.gif', 'Boys', 'Secondary', 5, 1),
(149, 'CABANTOC, MAYH O.', '195', 'images/default.gif', 'Boys', 'Secondary', 5, 1),
(150, 'EBALE, DINO G.', '225', 'images/default.gif', 'Boys', 'Elementary', 8, 1),
(151, 'ROVIRA, JASMIEN J.', '040', 'images/default.gif', 'Girls', 'Secondary', 9, 1),
(152, 'ALVARADO, KRISTHEL FAITH G.', '163', 'images/default.gif', 'Girls', 'Elementary', 5, 1),
(153, 'DEGUITO, JULIUS D.', '196', 'images/default.gif', 'Boys', 'Secondary', 5, 1),
(154, 'GUYO, JR O.', '197', 'images/default.gif', 'Boys', 'Secondary', 5, 1),
(155, 'ARABIS, KYLE P.', '164', 'images/default.gif', 'Girls', 'Elementary', 5, 1),
(156, 'ESTUYA, KYLE S.', '226', 'images/default.gif', 'Boys', 'Elementary', 8, 1),
(157, 'LIQUIDO, RICHMUND C.', '198', 'images/default.gif', 'Boys', 'Secondary', 5, 1),
(158, 'SENINING, CAMILLE GRACE L. ', '041', 'images/default.gif', 'Girls', 'Secondary', 9, 1),
(159, 'OQUINA, RONNEL E.', '199', 'images/default.gif', 'Boys', 'Secondary', 5, 1),
(160, 'CAMACHO, JAY-ANNE A.', '165', 'images/default.gif', 'Girls', 'Elementary', 5, 1),
(161, 'TAPIC, MARY GRACE V.', '042', 'images/default.gif', 'Girls', 'Secondary', 9, 1),
(162, 'OSIANG, DANIEL S.', '200', 'images/default.gif', 'Boys', 'Secondary', 5, 1),
(163, 'LULAB, REGEL JR. B.', '227', 'images/default.gif', 'Boys', 'Elementary', 8, 1),
(164, 'CAMACHO, JENNY A.', '166', 'images/default.gif', 'Girls', 'Elementary', 5, 1),
(165, 'PANAMBO, RYAN JAMES C.', '201', 'images/default.gif', 'Boys', 'Secondary', 5, 1),
(166, 'REGIS, JOHN SHERWIN C.', '228', 'images/default.gif', 'Boys', 'Elementary', 8, 1),
(167, 'VILLARAN, JESSEL E. ', '043', 'images/default.gif', 'Girls', 'Secondary', 9, 1),
(168, 'PILAPIL, GIBSON JR. D.', '202', 'images/default.gif', 'Boys', 'Secondary', 5, 1),
(169, 'LAYSON, STEPHANIE', '167', 'images/default.gif', 'Girls', 'Elementary', 5, 1),
(170, 'SECUAJE, JAMES LEE B.', '229', 'images/default.gif', 'Boys', 'Elementary', 8, 1),
(171, 'ROQUIETE, RONIEL P.', '203', 'images/default.gif', 'Boys', 'Secondary', 5, 1),
(172, 'NOYNAY, MARY JEAN G.', '168', 'images/default.gif', 'Girls', 'Elementary', 5, 1),
(173, 'ARENA, CHRISTAL ANGEL  S.', '256', 'images/default.gif', 'Girls', 'Secondary', 8, 1),
(174, 'SALOPAN, ANTONIO A.', '204', 'images/default.gif', 'Boys', 'Secondary', 5, 1),
(175, 'SECUAJE, JAMES NIEL B.', '230', 'images/default.gif', 'Boys', 'Elementary', 8, 1),
(176, 'SOCAJEL, PATRICK A.', '205', 'images/default.gif', 'Boys', 'Secondary', 5, 1),
(177, 'ARENA, CHRISTINE MAE S.', '257', 'images/default.gif', 'Girls', 'Secondary', 8, 1),
(178, 'TADLE JR. , ALVIN', '231', 'images/default.gif', 'Boys', 'Elementary', 8, 1),
(179, 'VICENTINO, VENCENT B.', '206', 'images/default.gif', 'Boys', 'Secondary', 5, 1),
(180, 'CUALTEROS, ROSHIEL', '258', 'images/default.gif', 'Girls', 'Secondary', 8, 1),
(181, 'TAYPA, RICHVIE C.', '232', 'images/default.gif', 'Boys', 'Elementary', 8, 1),
(182, 'GELLOPO, CHARLES DARWIN ', '130', 'images/default.gif', 'Boys', 'Secondary', 3, 1),
(183, 'YANAG, JEYSON S.', '233', 'images/default.gif', 'Boys', 'Elementary', 8, 1),
(184, 'REGUIBO, ALAIZA P.', '169', 'images/default.gif', 'Girls', 'Elementary', 5, 1),
(185, 'PAGASIAN, DAVE', '131', 'images/default.gif', 'Boys', 'Secondary', 3, 1),
(186, 'SABALDAN, JEWEL ANNE P.', '170', 'images/default.gif', 'Girls', 'Elementary', 5, 1),
(187, 'SIBONGA, MARY CATHERINE L.', '171', 'images/default.gif', 'Girls', 'Elementary', 5, 1),
(188, 'DIALDE, ALMERA', '259', 'images/default.gif', 'Girls', 'Secondary', 8, 1),
(189, 'SEMENIANO, RAY MARK', '132', 'images/default.gif', 'Boys', 'Secondary', 3, 1),
(190, 'EBRAO, MAYLENE', '260', 'images/default.gif', 'Girls', 'Secondary', 8, 1),
(191, 'ANGOB, JAMES DAVE D.', '243', 'images/default.gif', 'Boys', 'Secondary', 8, 1),
(192, 'LUIB, JESSICA ', '261', 'images/default.gif', 'Girls', 'Secondary', 8, 1),
(193, 'CABUENAS, KENTH VINCENT G.', '244', 'images/default.gif', 'Boys', 'Secondary', 8, 1),
(194, 'COYNO, JOSIAH DAVE G.', '245', 'images/default.gif', 'Boys', 'Secondary', 8, 1),
(195, 'LULAB, JIANA', '262', 'images/default.gif', 'Girls', 'Secondary', 8, 1),
(196, 'COYNO, LORENZO JR. D. ', '246', 'images/default.gif', 'Boys', 'Secondary', 8, 1),
(197, 'MEJENO, JENALYN', '263', 'images/default.gif', 'Girls', 'Secondary', 8, 1),
(198, 'COYNO, MARK DEAN G.', '247', 'images/default.gif', 'Boys', 'Secondary', 8, 1),
(199, 'CUEVAS, REYWIL CLINT P.', '248', 'images/default.gif', 'Boys', 'Secondary', 8, 1),
(200, 'OCSO, SHENA', '264', 'images/default.gif', 'Girls', 'Secondary', 8, 1),
(201, 'DOGMOC, REGIE O.', '249', 'images/default.gif', 'Boys', 'Secondary', 8, 1),
(202, 'OROPIO, CHARIOTTE FE', '265', 'images/default.gif', 'Girls', 'Secondary', 8, 1),
(203, 'FABIA, JOHN VINCENT T.', '250', 'images/default.gif', 'Boys', 'Secondary', 8, 1),
(204, 'GALLARDO, FREGGIE L.', '251', 'images/default.gif', 'Boys', 'Secondary', 8, 1),
(205, 'GERONGAY, DAVE E. ', '252', 'images/default.gif', 'Boys', 'Secondary', 8, 1),
(206, 'PATAYON, RAVILYN ', '266', 'images/default.gif', 'Girls', 'Secondary', 8, 1),
(207, 'LOMARDA, LORNIE L.', '253', 'images/default.gif', 'Boys', 'Secondary', 8, 1),
(208, 'ALOM, WENDY P.', '233', 'images/default.gif', 'Girls', 'Secondary', 4, 1),
(209, 'SALVE, JIMMUEL M.', '254', 'images/default.gif', 'Boys', 'Secondary', 8, 1),
(210, 'CABANING, ANGEL B.', '234', 'images/default.gif', 'Girls', 'Secondary', 4, 1),
(211, 'SERNA, GELBERT JR. E.', '255', 'images/default.gif', 'Boys', 'Secondary', 8, 1),
(212, 'EMPON, LANIE MAE M.', '235', 'images/default.gif', 'Girls', 'Secondary', 4, 1),
(213, 'ABISO, EJEY S. ', '172', 'images/default.gif', 'Boys', 'Elementary', 5, 1),
(214, 'HABOL, ROCELLA B.', '236', 'images/default.gif', 'Girls', 'Secondary', 4, 1),
(215, 'LIMBAGO, ANGELICA N.', '237', 'images/default.gif', 'Girls', 'Secondary', 4, 1),
(216, 'ARLALEJO, MICHAEL JAMES J.', '173', 'images/default.gif', 'Boys', 'Elementary', 5, 1),
(217, 'LUMBRE, MERLYN L.', '238', 'images/default.gif', 'Girls', 'Secondary', 4, 1),
(218, 'MANLAPAO, ROWENA G.', '239', 'images/default.gif', 'Girls', 'Secondary', 4, 1),
(219, 'DABA, ERIC S.', '174', 'images/default.gif', 'Boys', 'Elementary', 5, 1),
(220, 'OYANGORIN, LAYZA M.', '240', 'images/default.gif', 'Girls', 'Secondary', 4, 1),
(221, 'SAZON, LEAHNA MAE A.', '241', 'images/default.gif', 'Girls', 'Secondary', 4, 1),
(222, 'LABUANAN, RICHARD S.', '175', 'images/default.gif', 'Boys', 'Elementary', 5, 1),
(223, 'SERENIO, ROSELYN  S.', '242', 'images/default.gif', 'Girls', 'Secondary', 4, 1),
(224, 'RAMOS, L. JEAN O.', '176', 'images/default.gif', 'Boys', 'Elementary', 5, 1),
(225, 'CORTES, STEPHANIE A.', '182', 'images/default.gif', 'Girls', 'Secondary', 5, 1),
(226, 'ONGUE, MARC JAY C.', '177', 'images/default.gif', 'Boys', 'Elementary', 5, 1),
(227, 'SAMORIN, ALLIRA GRACE', '183', 'images/default.gif', 'Girls', 'Secondary', 5, 1),
(228, 'TABARES, RENIEL J.', '178', 'images/default.gif', 'Boys', 'Elementary', 5, 1),
(229, 'TUBAT, EMERSON JR. C.', '179', 'images/default.gif', 'Boys', 'Elementary', 5, 1),
(230, 'OQUINA, CREZEL L.', '184', 'images/default.gif', 'Girls', 'Secondary', 5, 1),
(231, 'TUYOR, ALDRIEGE B.', '180', 'images/default.gif', 'Boys', 'Elementary', 5, 1),
(232, 'VASQUEZ, GERZON L.', '181', 'images/default.gif', 'Boys', 'Elementary', 5, 1),
(233, 'LOPEZ, ELIZABETH E. ', '185', 'images/default.gif', 'Girls', 'Secondary', 5, 1),
(234, 'SABALDAN, KARYLLE ', '186', 'images/default.gif', 'Girls', 'Secondary', 5, 1),
(235, 'ADVINCULA, ERICA B.', '187', 'images/default.gif', 'Girls', 'Secondary', 5, 1),
(236, 'BATADLAN, ANAMARY L. ', '188', 'images/default.gif', 'Girls', 'Secondary', 5, 1),
(237, 'MATEO, ALEXA MAE C. ', '189', 'images/default.gif', 'Girls', 'Secondary', 5, 1),
(238, 'NAPUTO, JULIE ANN P.', '190', 'images/default.gif', 'Girls', 'Secondary', 5, 1),
(239, 'GARIN, JENELYN LL. ', '191', 'images/default.gif', 'Girls', 'Secondary', 5, 1),
(240, 'SIBLERO', '1005', 'images/default.gif', 'Boys', 'Secondary', 6, 1),
(241, 'Ariel Torreon', '1000', 'images/default.gif', 'Boys', 'Elementary', 2, 1),
(242, 'Mark Patric', '001', 'images/default.gif', 'Boys', 'Elementary', 10, 1),
(243, 'Mark Patric Mendoza', '001', 'images/default.gif', 'Boys', 'Elementary', 23, 1);

-- --------------------------------------------------------

--
-- Table structure for table `tbl_athlete_game`
--

CREATE TABLE IF NOT EXISTS `tbl_athlete_game` (
  `id` int(11) NOT NULL,
  `game_id` int(11) NOT NULL,
  `a_id` int(11) NOT NULL,
  `coach` varchar(100) NOT NULL
) ENGINE=InnoDB AUTO_INCREMENT=883 DEFAULT CHARSET=latin1;

--
-- Dumping data for table `tbl_athlete_game`
--

INSERT INTO `tbl_athlete_game` (`id`, `game_id`, `a_id`, `coach`) VALUES
(2, 26, 3, ''),
(3, 33, 3, ''),
(4, 54, 2, ''),
(5, 58, 2, ''),
(6, 51, 4, ''),
(7, 55, 4, ''),
(9, 59, 4, ''),
(12, 9, 5, ''),
(13, 15, 5, ''),
(14, 7, 7, ''),
(15, 25, 5, ''),
(16, 11, 7, ''),
(17, 13, 7, ''),
(18, 64, 5, ''),
(20, 63, 4, ''),
(22, 67, 4, ''),
(23, 50, 8, '065'),
(24, 18, 6, ''),
(25, 58, 8, '065'),
(26, 62, 8, '065'),
(28, 2, 10, '300'),
(30, 6, 10, '300'),
(31, 21, 9, ''),
(32, 10, 10, '300'),
(33, 60, 9, ''),
(34, 2, 11, '301'),
(35, 6, 11, '301'),
(36, 10, 11, '301'),
(37, 40, 12, ''),
(38, 48, 12, ''),
(40, 49, 15, ''),
(42, 24, 13, ''),
(43, 53, 15, ''),
(44, 57, 15, ''),
(45, 28, 13, ''),
(46, 56, 12, ''),
(47, 64, 12, ''),
(48, 62, 7, ''),
(49, 31, 13, ''),
(50, 61, 11, '301'),
(51, 60, 12, ''),
(52, 66, 7, ''),
(53, 63, 13, ''),
(54, 65, 11, '301'),
(55, 67, 13, ''),
(56, 9, 16, ''),
(57, 15, 16, ''),
(58, 23, 17, ''),
(59, 52, 16, ''),
(60, 27, 17, ''),
(61, 42, 17, ''),
(62, 16, 18, ''),
(63, 64, 16, ''),
(64, 18, 18, ''),
(65, 66, 17, ''),
(66, 7, 19, '067'),
(67, 11, 19, '067'),
(69, 37, 20, ''),
(70, 20, 21, '079'),
(71, 41, 20, ''),
(72, 38, 23, ''),
(73, 39, 21, '079'),
(74, 5, 22, ''),
(75, 43, 21, '079'),
(76, 42, 23, ''),
(77, 48, 22, ''),
(78, 63, 21, '079'),
(79, 61, 20, ''),
(80, 23, 24, ''),
(81, 60, 22, ''),
(82, 67, 21, '079'),
(83, 65, 20, ''),
(84, 27, 24, ''),
(85, 38, 24, ''),
(86, 17, 25, ''),
(87, 51, 26, ''),
(91, 55, 26, ''),
(92, 37, 27, '305'),
(93, 40, 25, ''),
(94, 41, 27, '305'),
(95, 36, 25, ''),
(96, 61, 27, '305'),
(97, 59, 26, ''),
(98, 65, 27, '305'),
(99, 52, 28, ''),
(100, 3, 29, '277'),
(101, 53, 30, ''),
(102, 27, 29, '277'),
(103, 42, 29, '277'),
(104, 57, 30, ''),
(105, 56, 28, ''),
(106, 14, 31, ''),
(107, 39, 31, ''),
(108, 7, 32, ''),
(109, 34, 30, ''),
(110, 43, 31, ''),
(111, 11, 32, ''),
(112, 23, 32, ''),
(114, 5, 33, ''),
(115, 36, 33, ''),
(117, 4, 35, ''),
(118, 8, 35, ''),
(119, 60, 33, ''),
(120, 64, 33, ''),
(121, 12, 35, ''),
(122, 16, 37, ''),
(123, 63, 35, ''),
(124, 50, 36, ''),
(125, 37, 37, ''),
(126, 41, 37, ''),
(127, 54, 36, ''),
(128, 67, 35, ''),
(129, 58, 36, ''),
(130, 61, 37, ''),
(131, 21, 38, ''),
(132, 25, 38, ''),
(133, 24, 39, '083'),
(134, 50, 40, ''),
(135, 28, 39, '083'),
(136, 54, 40, ''),
(137, 31, 39, '083'),
(138, 58, 40, ''),
(139, 25, 44, ''),
(140, 36, 44, ''),
(141, 40, 44, ''),
(142, 3, 45, ''),
(143, 13, 45, ''),
(144, 38, 45, ''),
(145, 2, 42, ''),
(146, 6, 42, ''),
(147, 10, 42, ''),
(149, 61, 42, ''),
(150, 65, 42, ''),
(151, 14, 46, ''),
(152, 3, 48, ''),
(153, 48, 47, ''),
(154, 7, 48, ''),
(155, 2, 49, ''),
(156, 11, 48, ''),
(157, 6, 49, ''),
(158, 62, 48, ''),
(159, 20, 46, ''),
(160, 52, 47, ''),
(161, 57, 49, ''),
(162, 66, 48, ''),
(163, 61, 49, ''),
(164, 56, 47, ''),
(165, 65, 49, ''),
(167, 1, 51, ''),
(170, 25, 51, ''),
(171, 4, 53, ''),
(172, 13, 52, ''),
(173, 33, 50, ''),
(174, 36, 51, ''),
(175, 38, 52, ''),
(176, 42, 52, ''),
(178, 39, 53, ''),
(179, 5, 54, ''),
(180, 58, 52, ''),
(182, 49, 55, ''),
(183, 43, 53, ''),
(184, 21, 54, ''),
(185, 23, 56, ''),
(186, 27, 56, ''),
(187, 53, 55, ''),
(188, 63, 53, ''),
(189, 66, 56, ''),
(190, 67, 53, ''),
(191, 9, 54, ''),
(192, 1, 58, ''),
(193, 5, 58, ''),
(194, 13, 59, ''),
(195, 4, 60, ''),
(196, 9, 58, ''),
(197, 62, 59, ''),
(198, 8, 60, ''),
(199, 66, 59, ''),
(200, 22, 57, ''),
(201, 12, 60, ''),
(202, 26, 57, ''),
(203, 48, 61, ''),
(204, 52, 61, ''),
(205, 23, 62, ''),
(206, 63, 60, ''),
(207, 27, 62, ''),
(208, 67, 60, ''),
(209, 56, 61, ''),
(210, 66, 62, ''),
(211, 11, 64, ''),
(212, 22, 63, ''),
(213, 62, 64, ''),
(214, 32, 63, ''),
(215, 33, 63, ''),
(216, 51, 65, ''),
(217, 65, 63, ''),
(218, 3, 66, ''),
(219, 55, 65, ''),
(220, 7, 66, ''),
(221, 59, 65, ''),
(222, 62, 66, ''),
(223, 63, 65, ''),
(224, 49, 68, '219'),
(225, 53, 68, '219'),
(226, 67, 65, ''),
(227, 57, 68, '219'),
(228, 38, 69, ''),
(229, 6, 70, ''),
(230, 10, 70, ''),
(233, 61, 70, ''),
(235, 50, 71, ''),
(236, 54, 71, ''),
(237, 58, 71, ''),
(238, 65, 70, ''),
(239, 1, 72, ''),
(240, 51, 73, ''),
(241, 55, 73, ''),
(242, 50, 75, ''),
(243, 59, 73, ''),
(244, 49, 74, ''),
(245, 54, 75, ''),
(246, 21, 76, ''),
(247, 53, 74, ''),
(248, 57, 74, ''),
(249, 25, 76, ''),
(250, 36, 76, ''),
(251, 60, 76, ''),
(252, 39, 77, ''),
(253, 6, 79, ''),
(254, 64, 76, ''),
(255, 43, 77, ''),
(256, 16, 79, ''),
(257, 41, 79, ''),
(259, 61, 79, ''),
(260, 63, 77, ''),
(261, 38, 80, ''),
(262, 65, 79, ''),
(263, 58, 80, ''),
(265, 67, 77, ''),
(266, 3, 83, ''),
(267, 60, 81, ''),
(268, 38, 83, ''),
(269, 64, 81, ''),
(270, 18, 82, ''),
(271, 22, 82, ''),
(272, 58, 83, ''),
(273, 26, 82, ''),
(274, 61, 82, ''),
(275, 65, 82, ''),
(276, 38, 85, ''),
(278, 42, 85, ''),
(279, 58, 85, ''),
(280, 52, 84, ''),
(281, 2, 86, ''),
(282, 28, 87, ''),
(283, 10, 86, ''),
(285, 50, 88, '227'),
(286, 31, 87, ''),
(287, 54, 88, '227'),
(289, 56, 84, ''),
(290, 58, 88, '227'),
(291, 26, 89, '225'),
(292, 62, 88, '227'),
(293, 64, 84, ''),
(294, 32, 89, '225'),
(295, 66, 88, '227'),
(296, 33, 89, '225'),
(297, 4, 90, '121'),
(298, 1, 92, ''),
(299, 38, 91, ''),
(300, 42, 91, ''),
(301, 8, 90, '121'),
(302, 5, 92, ''),
(303, 39, 90, '121'),
(304, 60, 92, ''),
(307, 11, 93, ''),
(308, 23, 93, ''),
(310, 62, 93, ''),
(311, 66, 93, ''),
(312, 56, 94, ''),
(313, 3, 95, ''),
(315, 50, 95, ''),
(316, 61, 57, ''),
(317, 28, 96, ''),
(318, 54, 95, ''),
(319, 65, 57, ''),
(320, 31, 96, ''),
(321, 11, 98, ''),
(322, 23, 98, ''),
(323, 16, 97, ''),
(324, 27, 98, ''),
(325, 18, 97, ''),
(326, 62, 98, ''),
(327, 66, 98, ''),
(328, 26, 100, ''),
(329, 33, 100, ''),
(330, 3, 101, ''),
(331, 15, 99, ''),
(333, 51, 102, ''),
(334, 53, 100, ''),
(335, 13, 101, ''),
(336, 36, 99, ''),
(337, 61, 100, ''),
(338, 59, 102, ''),
(339, 65, 100, ''),
(340, 40, 99, ''),
(342, 66, 101, ''),
(343, 51, 103, ''),
(344, 55, 103, ''),
(345, 9, 104, ''),
(346, 59, 103, ''),
(347, 21, 104, ''),
(348, 27, 106, ''),
(349, 25, 104, ''),
(350, 60, 104, ''),
(351, 3, 108, ''),
(352, 64, 104, ''),
(354, 10, 109, ''),
(355, 16, 109, ''),
(356, 61, 109, ''),
(357, 4, 111, ''),
(358, 5, 110, ''),
(359, 8, 111, ''),
(360, 9, 110, ''),
(361, 21, 110, ''),
(364, 60, 110, ''),
(366, 39, 111, ''),
(367, 49, 112, ''),
(368, 1, 113, '110'),
(369, 53, 112, ''),
(370, 60, 113, '110'),
(371, 7, 108, ''),
(372, 50, 108, ''),
(373, 24, 114, ''),
(374, 49, 115, ''),
(375, 65, 115, ''),
(376, 64, 113, '110'),
(377, 53, 116, '024'),
(378, 57, 116, '024'),
(379, 63, 114, ''),
(380, 9, 118, ''),
(382, 16, 119, ''),
(383, 67, 114, ''),
(384, 48, 118, ''),
(387, 37, 119, ''),
(388, 52, 118, ''),
(390, 65, 119, ''),
(391, 41, 120, ''),
(392, 11, 121, ''),
(393, 50, 121, ''),
(394, 12, 123, ''),
(395, 24, 123, ''),
(396, 6, 124, ''),
(397, 63, 123, ''),
(398, 52, 122, ''),
(399, 56, 122, ''),
(400, 67, 123, ''),
(401, 18, 124, ''),
(402, 42, 125, ''),
(403, 37, 124, ''),
(404, 61, 124, ''),
(405, 54, 125, ''),
(406, 58, 125, ''),
(407, 22, 127, ''),
(408, 5, 126, ''),
(409, 26, 127, ''),
(410, 65, 127, ''),
(411, 3, 128, ''),
(412, 36, 126, ''),
(413, 8, 129, ''),
(414, 12, 129, ''),
(415, 19, 128, ''),
(416, 64, 126, ''),
(417, 41, 130, ''),
(418, 31, 129, ''),
(419, 62, 128, ''),
(420, 66, 128, ''),
(421, 67, 129, ''),
(422, 32, 131, ''),
(423, 33, 131, ''),
(424, 57, 131, ''),
(425, 23, 133, ''),
(426, 54, 133, ''),
(427, 58, 133, ''),
(428, 36, 132, ''),
(429, 32, 135, ''),
(430, 14, 134, ''),
(431, 48, 132, ''),
(432, 33, 135, ''),
(433, 39, 134, ''),
(435, 43, 134, ''),
(436, 56, 132, ''),
(437, 63, 134, ''),
(438, 7, 136, ''),
(439, 13, 136, ''),
(440, 19, 136, ''),
(441, 2, 137, ''),
(442, 62, 136, ''),
(443, 10, 137, ''),
(444, 66, 136, ''),
(445, 22, 137, ''),
(446, 1, 138, ''),
(447, 26, 137, ''),
(449, 60, 138, ''),
(450, 11, 139, ''),
(451, 55, 140, ''),
(452, 64, 138, ''),
(453, 13, 139, ''),
(454, 59, 140, ''),
(456, 63, 140, ''),
(457, 32, 141, ''),
(460, 62, 139, ''),
(461, 21, 142, ''),
(463, 66, 139, ''),
(464, 25, 142, ''),
(465, 8, 143, ''),
(466, 60, 142, ''),
(467, 63, 143, ''),
(468, 64, 142, ''),
(469, 12, 144, ''),
(471, 24, 144, ''),
(472, 67, 144, ''),
(473, 34, 145, ''),
(474, 57, 145, ''),
(476, 48, 146, ''),
(478, 52, 146, ''),
(479, 53, 148, '194'),
(480, 4, 147, ''),
(481, 20, 147, ''),
(482, 39, 147, ''),
(483, 6, 149, ''),
(484, 10, 149, ''),
(485, 67, 147, ''),
(486, 22, 149, ''),
(488, 48, 150, ''),
(489, 51, 151, ''),
(490, 52, 150, ''),
(492, 34, 153, ''),
(493, 55, 151, ''),
(494, 56, 150, ''),
(495, 13, 152, ''),
(496, 49, 153, ''),
(497, 63, 151, ''),
(498, 38, 152, ''),
(499, 60, 150, ''),
(500, 4, 151, ''),
(501, 62, 152, ''),
(502, 16, 154, ''),
(503, 18, 154, ''),
(504, 64, 150, ''),
(505, 37, 154, ''),
(506, 65, 154, ''),
(507, 13, 155, ''),
(508, 38, 155, ''),
(509, 5, 156, ''),
(510, 33, 157, ''),
(511, 28, 158, ''),
(512, 66, 155, ''),
(513, 40, 156, ''),
(514, 37, 157, ''),
(515, 31, 158, ''),
(516, 43, 158, ''),
(517, 56, 156, ''),
(518, 16, 159, ''),
(520, 53, 159, ''),
(521, 60, 156, ''),
(522, 50, 160, ''),
(524, 64, 156, ''),
(525, 54, 160, ''),
(526, 14, 161, ''),
(527, 6, 162, ''),
(529, 18, 162, ''),
(530, 41, 162, ''),
(531, 5, 163, ''),
(532, 28, 161, ''),
(533, 58, 164, ''),
(534, 67, 161, ''),
(535, 22, 165, ''),
(536, 26, 165, ''),
(537, 27, 164, ''),
(538, 66, 164, ''),
(539, 57, 165, ''),
(540, 36, 166, '228'),
(541, 65, 165, ''),
(544, 11, 169, '167'),
(545, 59, 167, ''),
(546, 27, 169, '167'),
(547, 41, 168, '202'),
(548, 51, 167, ''),
(549, 66, 169, '167'),
(550, 2, 171, ''),
(551, 9, 170, ''),
(553, 21, 170, ''),
(554, 49, 171, ''),
(555, 11, 172, ''),
(556, 61, 171, ''),
(557, 42, 172, ''),
(558, 51, 173, ''),
(559, 62, 172, ''),
(560, 55, 173, ''),
(561, 10, 174, ''),
(562, 59, 173, ''),
(564, 65, 174, ''),
(565, 9, 175, ''),
(566, 21, 175, ''),
(567, 2, 176, ''),
(568, 61, 176, ''),
(569, 3, 78, ''),
(570, 39, 177, '257'),
(571, 42, 78, ''),
(572, 43, 177, '257'),
(573, 50, 78, ''),
(574, 26, 179, ''),
(575, 1, 178, ''),
(576, 63, 177, '257'),
(577, 15, 178, ''),
(578, 7, 80, ''),
(579, 33, 179, ''),
(580, 17, 178, ''),
(581, 60, 178, ''),
(582, 64, 178, ''),
(583, 2, 105, ''),
(584, 37, 105, ''),
(585, 57, 105, ''),
(586, 61, 105, ''),
(587, 36, 181, '232'),
(588, 40, 181, '232'),
(589, 10, 182, ''),
(590, 22, 182, ''),
(591, 1, 183, ''),
(592, 53, 182, ''),
(593, 61, 182, ''),
(594, 50, 184, ''),
(595, 8, 180, ''),
(596, 15, 183, ''),
(597, 54, 184, ''),
(598, 17, 183, ''),
(599, 66, 184, ''),
(600, 2, 185, ''),
(601, 60, 183, ''),
(603, 64, 183, ''),
(605, 7, 186, ''),
(606, 23, 186, ''),
(607, 67, 180, ''),
(608, 62, 186, ''),
(609, 6, 185, ''),
(610, 7, 187, ''),
(611, 42, 187, ''),
(612, 62, 187, ''),
(613, 37, 185, ''),
(614, 61, 185, ''),
(615, 51, 188, ''),
(616, 55, 188, ''),
(617, 6, 189, ''),
(618, 2, 189, ''),
(619, 59, 188, ''),
(620, 18, 189, ''),
(621, 61, 189, ''),
(623, 67, 190, ''),
(624, 16, 191, ''),
(625, 61, 191, ''),
(626, 4, 192, ''),
(627, 49, 193, ''),
(628, 8, 192, ''),
(629, 53, 193, ''),
(631, 57, 193, ''),
(632, 63, 192, ''),
(633, 41, 194, ''),
(634, 12, 195, ''),
(636, 24, 195, ''),
(637, 2, 196, ''),
(638, 67, 195, ''),
(639, 6, 196, ''),
(641, 28, 197, ''),
(642, 31, 197, ''),
(643, 37, 198, ''),
(646, 10, 199, ''),
(647, 14, 200, ''),
(648, 16, 199, ''),
(649, 28, 200, ''),
(650, 2, 201, ''),
(652, 6, 201, ''),
(653, 61, 201, ''),
(654, 14, 202, ''),
(655, 18, 203, ''),
(656, 57, 203, ''),
(658, 32, 204, ''),
(659, 33, 204, ''),
(660, 65, 204, ''),
(662, 37, 205, ''),
(663, 49, 205, ''),
(664, 12, 206, ''),
(665, 53, 205, ''),
(666, 61, 205, ''),
(667, 39, 206, ''),
(668, 43, 206, ''),
(669, 63, 206, ''),
(670, 32, 207, ''),
(671, 33, 207, ''),
(672, 65, 207, ''),
(673, 31, 208, ''),
(674, 10, 209, ''),
(675, 22, 209, ''),
(676, 4, 210, ''),
(677, 65, 209, ''),
(678, 8, 210, ''),
(679, 39, 210, ''),
(680, 63, 210, ''),
(681, 22, 211, ''),
(682, 67, 210, ''),
(683, 65, 211, ''),
(684, 51, 212, ''),
(685, 55, 212, ''),
(686, 59, 212, ''),
(688, 15, 213, ''),
(689, 39, 214, ''),
(690, 48, 213, ''),
(691, 28, 215, ''),
(692, 31, 215, ''),
(693, 43, 215, ''),
(694, 51, 217, ''),
(695, 48, 216, ''),
(696, 55, 217, ''),
(697, 52, 216, ''),
(698, 59, 217, ''),
(699, 28, 218, ''),
(700, 52, 219, ''),
(701, 56, 219, ''),
(702, 25, 219, ''),
(703, 4, 220, ''),
(704, 8, 220, ''),
(706, 63, 220, ''),
(707, 67, 220, ''),
(708, 24, 221, ''),
(709, 63, 221, ''),
(711, 67, 221, ''),
(712, 1, 222, ''),
(713, 36, 222, ''),
(714, 40, 222, ''),
(715, 12, 223, ''),
(716, 56, 222, ''),
(717, 24, 223, ''),
(718, 43, 223, ''),
(719, 63, 223, ''),
(720, 1, 224, ''),
(721, 67, 223, ''),
(722, 40, 224, ''),
(723, 60, 224, ''),
(724, 64, 224, ''),
(725, 35, 225, ''),
(726, 43, 225, ''),
(727, 9, 226, ''),
(728, 51, 225, ''),
(729, 64, 226, ''),
(730, 14, 227, ''),
(731, 15, 228, ''),
(732, 21, 228, ''),
(736, 59, 227, ''),
(737, 9, 229, ''),
(738, 60, 229, ''),
(740, 5, 231, '180'),
(741, 12, 230, ''),
(742, 21, 231, '180'),
(743, 14, 230, ''),
(744, 60, 231, '180'),
(746, 59, 230, ''),
(747, 5, 232, '181'),
(749, 36, 232, '181'),
(750, 60, 232, '181'),
(751, 64, 232, '181'),
(752, 31, 233, ''),
(753, 39, 233, ''),
(754, 67, 233, ''),
(755, 12, 234, ''),
(756, 20, 234, ''),
(757, 24, 234, ''),
(759, 4, 235, ''),
(760, 8, 235, ''),
(762, 63, 235, ''),
(764, 8, 236, ''),
(765, 20, 236, ''),
(767, 67, 236, ''),
(768, 55, 237, ''),
(770, 24, 238, ''),
(771, 28, 238, ''),
(772, 51, 238, ''),
(773, 4, 239, ''),
(774, 63, 239, ''),
(776, 38, 121, ''),
(777, 23, 117, ''),
(778, 27, 117, ''),
(779, 38, 117, ''),
(780, 3, 186, ''),
(783, 12, 107, ''),
(784, 63, 107, ''),
(785, 67, 107, ''),
(786, 34, 50, ''),
(788, 7, 93, ''),
(789, 3, 2, ''),
(790, 3, 8, '065'),
(791, 1, 33, ''),
(792, 3, 172, ''),
(793, 1, 9, ''),
(794, 39, 237, ''),
(795, 55, 227, ''),
(796, 18, 211, ''),
(797, 16, 6, ''),
(798, 62, 95, ''),
(799, 24, 190, ''),
(800, 19, 155, ''),
(801, 17, 224, ''),
(802, 23, 164, ''),
(803, 17, 213, ''),
(804, 20, 200, ''),
(805, 20, 195, ''),
(806, 22, 27, '305'),
(807, 19, 69, ''),
(808, 19, 64, ''),
(809, 17, 38, ''),
(810, 20, 167, ''),
(811, 17, 99, ''),
(812, 18, 119, ''),
(813, 35, 218, ''),
(814, 35, 221, ''),
(815, 34, 209, ''),
(816, 34, 203, ''),
(817, 5, 81, ''),
(819, 63, 225, ''),
(821, 35, 236, ''),
(822, 43, 235, ''),
(823, 28, 239, ''),
(824, 67, 239, ''),
(825, 25, 226, ''),
(826, 37, 70, ''),
(827, 34, 86, ''),
(829, 18, 86, ''),
(830, 71, 67, ''),
(831, 73, 67, ''),
(833, 62, 36, ''),
(834, 62, 40, ''),
(835, 62, 45, ''),
(836, 60, 44, ''),
(837, 60, 51, ''),
(839, 60, 61, ''),
(841, 62, 19, '067'),
(842, 66, 19, '067'),
(843, 63, 227, ''),
(844, 67, 230, ''),
(845, 41, 50, ''),
(846, 60, 47, ''),
(847, 61, 149, ''),
(848, 62, 29, '277'),
(849, 62, 23, ''),
(850, 25, 170, ''),
(851, 25, 175, ''),
(852, 41, 57, ''),
(853, 10, 135, ''),
(854, 66, 8, '065'),
(855, 63, 173, ''),
(856, 67, 202, ''),
(857, 9, 84, ''),
(858, 33, 174, ''),
(859, 12, 220, ''),
(860, 34, 199, ''),
(861, 42, 62, ''),
(862, 61, 10, '300'),
(863, 61, 141, ''),
(864, 61, 137, ''),
(865, 62, 108, ''),
(866, 41, 203, ''),
(867, 61, 209, ''),
(869, 66, 108, ''),
(870, 42, 121, ''),
(871, 65, 10, '300'),
(872, 64, 213, ''),
(873, 63, 90, '121'),
(874, 67, 90, '121'),
(875, 65, 120, ''),
(876, 61, 145, ''),
(877, 61, 162, ''),
(878, 65, 179, ''),
(879, 65, 141, ''),
(881, 69, 242, 'Freddy Roach'),
(882, 93, 243, 'Coach 1');

-- --------------------------------------------------------

--
-- Table structure for table `tbl_athlete_overall`
--

CREATE TABLE IF NOT EXISTS `tbl_athlete_overall` (
  `ao_id` int(11) NOT NULL,
  `a_id` int(11) NOT NULL,
  `total_points` decimal(11,2) NOT NULL
) ENGINE=InnoDB AUTO_INCREMENT=40 DEFAULT CHARSET=latin1;

--
-- Dumping data for table `tbl_athlete_overall`
--

INSERT INTO `tbl_athlete_overall` (`ao_id`, `a_id`, `total_points`) VALUES
(1, 2, '2000.00'),
(2, 4, '1100.00'),
(3, 11, '1000.00'),
(4, 12, '2050.00'),
(5, 13, '3000.00'),
(6, 21, '1050.00'),
(7, 28, '1000.00'),
(8, 33, '1001.00'),
(9, 35, '5000.00'),
(10, 36, '1000.00'),
(11, 37, '1000.00'),
(12, 45, '2000.00'),
(13, 46, '1000.00'),
(14, 48, '4050.00'),
(15, 49, '2002.00'),
(16, 50, '1050.00'),
(17, 52, '1050.00'),
(18, 62, '1051.00'),
(19, 64, '1001.00'),
(20, 67, '2000.00'),
(21, 76, '3051.00'),
(22, 77, '2000.00'),
(23, 79, '1000.00'),
(24, 98, '2001.00'),
(25, 104, '1100.00'),
(26, 124, '1000.00'),
(27, 135, '1001.00'),
(28, 149, '2050.00'),
(29, 154, '1050.00'),
(30, 165, '1001.00'),
(31, 173, '2050.00'),
(32, 189, '2000.00'),
(33, 205, '2001.00'),
(34, 213, '2050.00'),
(35, 219, '1051.00'),
(36, 224, '3100.00'),
(37, 236, '1000.00'),
(38, 242, '1050.00'),
(39, 243, '1051.00');

-- --------------------------------------------------------

--
-- Table structure for table `tbl_delegates`
--

CREATE TABLE IF NOT EXISTS `tbl_delegates` (
  `del_id` int(11) NOT NULL,
  `del_name` varchar(255) NOT NULL,
  `del_color` varchar(100) NOT NULL,
  `event_id` int(11) NOT NULL,
  `status` int(11) NOT NULL
) ENGINE=InnoDB AUTO_INCREMENT=24 DEFAULT CHARSET=latin1;

--
-- Dumping data for table `tbl_delegates`
--

INSERT INTO `tbl_delegates` (`del_id`, `del_name`, `del_color`, `event_id`, `status`) VALUES
(2, 'CAGDIANAO', '#0000ff', 1, 1),
(3, 'DINAGAT', '#e60028', 1, 1),
(4, 'LIBJO', '#00ec00', 1, 1),
(5, 'LORETO', '#ff0000', 1, 1),
(6, 'SAN JOSE', '#800080', 1, 1),
(8, 'TUBAJON', '#0080ff', 1, 1),
(9, 'BASILISA', '#800000', 1, 1),
(11, 'AGUSAN DEL SUR', '#80ff80', 2, 1),
(12, 'AGUSAN DEL NORTE', '#ffff80', 2, 1),
(13, 'BAYUGAN CITY', '#ff0000', 2, 1),
(14, 'BISLIG CITY', '#804000', 2, 1),
(15, 'BUTUAN CITY', '#8000ff', 2, 1),
(16, 'CABADBARAN CITY', '#ff0080', 2, 1),
(17, 'SIARGAO', '#800080', 2, 1),
(18, 'SURIGAO CITY', '#000000', 2, 1),
(19, 'SURIGAO DEL NORTE', '#808000', 2, 1),
(20, 'TANDAG CITY', '#408080', 2, 1),
(22, 'SURIGAO DEL SUR', '#808080', 2, 1),
(23, 'DINAGAT ISLANDS', '#0000ff', 2, 1);

-- --------------------------------------------------------

--
-- Table structure for table `tbl_event`
--

CREATE TABLE IF NOT EXISTS `tbl_event` (
  `event_id` int(11) NOT NULL,
  `event_name` varchar(255) NOT NULL,
  `event_description` varchar(500) NOT NULL,
  `address` varchar(300) NOT NULL,
  `from_date` date NOT NULL,
  `to_date` date NOT NULL,
  `event_status` int(11) NOT NULL
) ENGINE=InnoDB AUTO_INCREMENT=3 DEFAULT CHARSET=latin1;

--
-- Dumping data for table `tbl_event`
--

INSERT INTO `tbl_event` (`event_id`, `event_name`, `event_description`, `address`, `from_date`, `to_date`, `event_status`) VALUES
(1, 'DIPAM 2018', 'Dinagat Islands Provincial Athletic Meet', 'Cagdianao, Dinagat Islands', '2018-02-23', '2018-02-28', 0),
(2, 'CARAGAA-RSC 2019', 'CARAGAA-Regional Sports Competition', 'Surigao City Sports Complex, Surigao City, Surigao del Norte', '2019-02-23', '2019-03-01', 1);

-- --------------------------------------------------------

--
-- Table structure for table `tbl_games`
--

CREATE TABLE IF NOT EXISTS `tbl_games` (
  `game_id` int(11) NOT NULL,
  `game_name` varchar(255) NOT NULL,
  `level` varchar(100) NOT NULL,
  `category` varchar(100) NOT NULL,
  `event_id` int(11) NOT NULL
) ENGINE=InnoDB AUTO_INCREMENT=139 DEFAULT CHARSET=latin1;

--
-- Dumping data for table `tbl_games`
--

INSERT INTO `tbl_games` (`game_id`, `game_name`, `level`, `category`, `event_id`) VALUES
(1, '100 M DASH', 'Elementary', 'Boys', 1),
(2, '100 M DASH', 'Secondary', 'Boys', 1),
(3, '100 M DASH', 'Elementary', 'Girls', 1),
(4, '100 M DASH', 'Secondary', 'Girls', 1),
(5, '200 M DASH', 'Elementary', 'Boys', 1),
(6, '200 M DASH', 'Secondary', 'Boys', 1),
(7, '200 M DASH', 'Elementary', 'Girls', 1),
(8, '200 M DASH', 'Secondary', 'Girls', 1),
(9, '400 M DASH', 'Elementary', 'Boys', 1),
(10, '400 M DASH', 'Secondary', 'Boys', 1),
(11, '400 M DASH', 'Elementary', 'Girls', 1),
(12, '400 M DASH', 'Secondary', 'Girls', 1),
(13, '100 M HH', 'Elementary', 'Girls', 1),
(14, '100 M HH', 'Secondary', 'Girls', 1),
(15, '110 M HH', 'Elementary', 'Boys', 1),
(16, '110 M HH', 'Secondary', 'Boys', 1),
(17, '400 M LH', 'Elementary', 'Boys', 1),
(18, '400 M LH', 'Secondary', 'Boys', 1),
(19, '400 M LH', 'Elementary', 'Girls', 1),
(20, '400 M LH', 'Secondary', 'Girls', 1),
(21, '800 M RUN', 'Elementary', 'Boys', 1),
(22, '800 M RUN', 'Secondary', 'Boys', 1),
(23, '800 M RUN', 'Elementary', 'Girls', 1),
(24, '800 M RUN', 'Secondary', 'Girls', 1),
(25, '1500 M RUN', 'Elementary', 'Boys', 1),
(26, '1500 M RUN', 'Secondary', 'Boys', 1),
(27, '1500 M RUN', 'Elementary', 'Girls', 1),
(28, '1500 M RUN', 'Secondary', 'Girls', 1),
(31, '3000 M RUN', 'Secondary', 'Girls', 1),
(32, '3000 M SC', 'Secondary', 'Boys', 1),
(33, '5000 M RUN', 'Secondary', 'Boys', 1),
(34, '2000 M WALK', 'Secondary', 'Boys', 1),
(35, '2000 M WALK', 'Secondary', 'Girls', 1),
(36, 'LONG JUMP', 'Elementary', 'Boys', 1),
(37, 'LONG JUMP', 'Secondary', 'Boys', 1),
(38, 'LONG JUMP', 'Elementary', 'Girls', 1),
(39, 'LONG JUMP', 'Secondary', 'Girls', 1),
(40, 'TRIPLE JUMP', 'Elementary', 'Boys', 1),
(41, 'TRIPLE JUMP', 'Secondary', 'Boys', 1),
(42, 'TRIPLE JUMP', 'Elementary', 'Girls', 1),
(43, 'TRIPLE JUMP', 'Secondary', 'Girls', 1),
(44, 'HIGH JUMP', 'Elementary', 'Boys', 1),
(45, 'HIGH JUMP', 'Secondary', 'Boys', 1),
(46, 'HIGH JUMP', 'Elementary', 'Girls', 1),
(47, 'HIGH JUMP', 'Secondary', 'Girls', 1),
(48, 'SHOT PUT', 'Elementary', 'Boys', 1),
(49, 'SHOT PUT', 'Secondary', 'Boys', 1),
(50, 'SHOT PUT', 'Elementary', 'Girls', 1),
(51, 'SHOT PUT', 'Secondary', 'Girls', 1),
(52, 'DISCUS THROW', 'Elementary', 'Boys', 1),
(53, 'DISCUS THROW', 'Secondary', 'Boys', 1),
(54, 'DISCUS THROW', 'Elementary', 'Girls', 1),
(55, 'DISCUS THROW', 'Secondary', 'Girls', 1),
(56, 'JAVELIN THROW', 'Elementary', 'Boys', 1),
(57, 'JAVELIN THROW', 'Secondary', 'Boys', 1),
(58, 'JAVELIN THROW', 'Elementary', 'Girls', 1),
(59, 'JAVELIN THROW', 'Secondary', 'Girls', 1),
(60, '4X100 RELAY', 'Elementary', 'Boys', 1),
(61, '4X100 RELAY', 'Secondary', 'Boys', 1),
(62, '4X100 RELAY', 'Elementary', 'Girls', 1),
(63, '4X100 RELAY', 'Secondary', 'Girls', 1),
(64, '4X400 RELAY', 'Elementary', 'Boys', 1),
(65, '4X400 RELAY', 'Secondary', 'Boys', 1),
(66, '4X400 RELAY', 'Elementary', 'Girls', 1),
(67, '4X400 RELAY', 'Secondary', 'Girls', 1),
(68, 'POLEVAULT', 'Secondary', 'Boys', 1),
(69, '100M DASH', 'Elementary', 'Boys', 2),
(70, '100M DASH', 'Secondary', 'Boys', 2),
(71, '100M DASH', 'Elementary', 'Girls', 2),
(72, '100M DASH', 'Secondary', 'Girls', 2),
(73, '200 M DASH', 'Elementary', 'Boys', 2),
(74, '200 M DASH', 'Secondary', 'Boys', 2),
(75, '200 M DASH', 'Elementary', 'Girls', 2),
(76, '200 M DASH', 'Secondary', 'Girls', 2),
(77, '400 M DASH', 'Elementary', 'Boys', 2),
(78, '400 M DASH', 'Secondary', 'Boys', 2),
(79, '400 M DASH', 'Elementary', 'Girls', 2),
(80, '400 M DASH', 'Secondary', 'Girls', 2),
(85, '1500 M RUN', 'Elementary', 'Boys', 2),
(86, '1500 M RUN', 'Secondary', 'Boys', 2),
(87, '1500 M RUN', 'Elementary', 'Girls', 2),
(88, '1500 M RUN', 'Secondary', 'Girls', 2),
(89, '800 M RUN', 'Elementary', 'Boys', 2),
(90, '800 M RUN', 'Secondary', 'Boys', 2),
(91, '800 M RUN', 'Elementary', 'Girls', 2),
(92, '800 M RUN', 'Secondary', 'Girls', 2),
(93, '110 MHIGH HURDLE', 'Elementary', 'Boys', 2),
(94, '100 MH HURDLE', 'Elementary', 'Girls', 2),
(95, '3000M RUN', 'Secondary', 'Boys', 2),
(96, '3000M RUN', 'Secondary', 'Girls', 2),
(97, '5000M RUN', 'Secondary', 'Boys', 2),
(98, '110 MHIGH HURDLE', 'Secondary', 'Boys', 2),
(99, '100 MH HURDLE', 'Secondary', 'Girls', 2),
(100, '400M LOW HURDLE', 'Elementary', 'Boys', 2),
(101, '400M LOW HURDLE', 'Secondary', 'Boys', 2),
(102, '400M LOW HURDLE', 'Elementary', 'Girls', 2),
(103, '400M LOW HURDLE', 'Secondary', 'Girls', 2),
(104, '4X100 RELAY', 'Elementary', 'Boys', 2),
(105, '4X100 RELAY', 'Secondary', 'Boys', 2),
(106, '4X100 RELAY', 'Elementary', 'Girls', 2),
(107, '4X100 RELAY', 'Secondary', 'Girls', 2),
(108, '4X400M RELAY', 'Elementary', 'Boys', 2),
(109, '4X400M RELAY', 'Secondary', 'Boys', 2),
(110, '4X400M RELAY', 'Elementary', 'Girls', 2),
(111, '4X400M RELAY', 'Secondary', 'Girls', 2),
(112, '2000M WALK', 'Secondary', 'Boys', 2),
(113, '2000M WALK', 'Secondary', 'Girls', 2),
(114, 'LONG JUMP', 'Elementary', 'Boys', 2),
(115, 'LONG JUMP', 'Secondary', 'Boys', 2),
(116, 'LONG JUMP', 'Elementary', 'Girls', 2),
(117, 'LONG JUMP', 'Secondary', 'Girls', 2),
(118, 'TRIPLE JUMP', 'Elementary', 'Boys', 2),
(119, 'TRIPLE JUMP', 'Secondary', 'Boys', 2),
(120, 'TRIPLE JUMP', 'Elementary', 'Girls', 2),
(121, 'TRIPLE JUMP', 'Secondary', 'Girls', 2),
(122, 'HIGH JUMP', 'Elementary', 'Boys', 2),
(123, 'HIGH JUMP', 'Secondary', 'Boys', 2),
(124, 'HIGH JUMP', 'Elementary', 'Girls', 2),
(125, 'HIGH JUMP', 'Secondary', 'Girls', 2),
(126, 'POLE VAULT', 'Secondary', 'Boys', 2),
(127, 'SHOT PUT', 'Elementary', 'Boys', 2),
(128, 'SHOT PUT', 'Secondary', 'Boys', 2),
(129, 'SHOT PUT', 'Elementary', 'Girls', 2),
(130, 'SHOT PUT', 'Secondary', 'Girls', 2),
(131, 'DISCUS THROW', 'Elementary', 'Boys', 2),
(132, 'DISCUS THROW', 'Secondary', 'Boys', 2),
(133, 'DISCUS THROW', 'Elementary', 'Girls', 2),
(134, 'DISCUS THROW', 'Secondary', 'Girls', 2),
(135, 'JAVELIN THROW', 'Elementary', 'Boys', 2),
(136, 'JAVELIN THROW', 'Secondary', 'Boys', 2),
(137, 'JAVELIN THROW', 'Elementary', 'Girls', 2),
(138, 'JAVELIN THROW', 'Secondary', 'Girls', 2);

-- --------------------------------------------------------

--
-- Table structure for table `tbl_medalist`
--

CREATE TABLE IF NOT EXISTS `tbl_medalist` (
  `md_id` int(11) NOT NULL,
  `a_id` int(11) NOT NULL,
  `total_medal` int(11) NOT NULL,
  `medal_type` varchar(10) NOT NULL
) ENGINE=InnoDB AUTO_INCREMENT=153 DEFAULT CHARSET=latin1;

--
-- Dumping data for table `tbl_medalist`
--

INSERT INTO `tbl_medalist` (`md_id`, `a_id`, `total_medal`, `medal_type`) VALUES
(7, 243, 1, 'Gold'),
(8, 244, 3, 'Gold'),
(9, 243, 1, 'Silver'),
(10, 244, 1, 'Silver'),
(11, 2, 2, 'Gold'),
(12, 4, 1, 'Gold'),
(13, 11, 1, 'Gold'),
(14, 12, 2, 'Gold'),
(15, 13, 3, 'Gold'),
(16, 21, 1, 'Gold'),
(17, 28, 1, 'Gold'),
(18, 33, 1, 'Gold'),
(19, 35, 5, 'Gold'),
(20, 36, 1, 'Gold'),
(21, 37, 1, 'Gold'),
(22, 45, 2, 'Gold'),
(23, 46, 1, 'Gold'),
(24, 48, 4, 'Gold'),
(25, 49, 2, 'Gold'),
(26, 50, 1, 'Gold'),
(27, 52, 1, 'Gold'),
(28, 62, 1, 'Gold'),
(29, 64, 1, 'Gold'),
(30, 76, 3, 'Gold'),
(31, 77, 2, 'Gold'),
(32, 79, 1, 'Gold'),
(33, 98, 2, 'Gold'),
(34, 104, 1, 'Gold'),
(35, 124, 1, 'Gold'),
(36, 135, 1, 'Gold'),
(37, 149, 2, 'Gold'),
(38, 154, 1, 'Gold'),
(39, 165, 1, 'Gold'),
(40, 173, 2, 'Gold'),
(41, 189, 2, 'Gold'),
(42, 205, 2, 'Gold'),
(43, 213, 2, 'Gold'),
(44, 219, 1, 'Gold'),
(45, 224, 3, 'Gold'),
(46, 236, 1, 'Gold'),
(47, 4, 2, 'Silver'),
(48, 8, 1, 'Silver'),
(49, 12, 1, 'Silver'),
(50, 20, 1, 'Silver'),
(51, 21, 1, 'Silver'),
(52, 30, 1, 'Silver'),
(53, 31, 1, 'Silver'),
(54, 48, 1, 'Silver'),
(55, 50, 1, 'Silver'),
(56, 52, 1, 'Silver'),
(57, 56, 1, 'Silver'),
(58, 60, 2, 'Silver'),
(59, 62, 1, 'Silver'),
(60, 75, 2, 'Silver'),
(61, 76, 1, 'Silver'),
(62, 80, 1, 'Silver'),
(63, 82, 1, 'Silver'),
(64, 84, 1, 'Silver'),
(65, 88, 1, 'Silver'),
(66, 104, 2, 'Silver'),
(67, 108, 2, 'Silver'),
(68, 109, 1, 'Silver'),
(69, 111, 1, 'Silver'),
(70, 112, 1, 'Silver'),
(71, 121, 1, 'Silver'),
(72, 137, 1, 'Silver'),
(73, 141, 1, 'Silver'),
(74, 144, 1, 'Silver'),
(75, 145, 1, 'Silver'),
(76, 147, 1, 'Silver'),
(77, 149, 1, 'Silver'),
(78, 150, 1, 'Silver'),
(79, 154, 1, 'Silver'),
(80, 155, 1, 'Silver'),
(81, 162, 1, 'Silver'),
(82, 172, 1, 'Silver'),
(83, 173, 1, 'Silver'),
(84, 176, 2, 'Silver'),
(85, 179, 1, 'Silver'),
(86, 181, 1, 'Silver'),
(87, 183, 1, 'Silver'),
(88, 193, 1, 'Silver'),
(89, 213, 1, 'Silver'),
(90, 219, 1, 'Silver'),
(91, 221, 1, 'Silver'),
(92, 222, 1, 'Silver'),
(93, 224, 2, 'Silver'),
(94, 225, 1, 'Silver'),
(95, 227, 1, 'Silver'),
(96, 230, 1, 'Silver'),
(97, 231, 1, 'Silver'),
(98, 233, 1, 'Silver'),
(99, 239, 1, 'Silver'),
(100, 5, 1, 'Bronze'),
(101, 9, 1, 'Bronze'),
(102, 10, 1, 'Bronze'),
(103, 25, 2, 'Bronze'),
(104, 26, 1, 'Bronze'),
(105, 27, 1, 'Bronze'),
(106, 31, 1, 'Bronze'),
(107, 33, 1, 'Bronze'),
(108, 49, 2, 'Bronze'),
(109, 56, 1, 'Bronze'),
(110, 62, 1, 'Bronze'),
(111, 64, 1, 'Bronze'),
(112, 69, 1, 'Bronze'),
(113, 71, 1, 'Bronze'),
(114, 74, 1, 'Bronze'),
(115, 76, 1, 'Bronze'),
(116, 85, 1, 'Bronze'),
(117, 88, 2, 'Bronze'),
(118, 89, 1, 'Bronze'),
(119, 92, 1, 'Bronze'),
(120, 98, 1, 'Bronze'),
(121, 99, 1, 'Bronze'),
(122, 108, 1, 'Bronze'),
(123, 111, 1, 'Bronze'),
(124, 119, 2, 'Bronze'),
(125, 125, 1, 'Bronze'),
(126, 127, 2, 'Bronze'),
(127, 135, 1, 'Bronze'),
(128, 136, 1, 'Bronze'),
(129, 140, 1, 'Bronze'),
(130, 146, 2, 'Bronze'),
(131, 147, 1, 'Bronze'),
(132, 148, 1, 'Bronze'),
(133, 156, 1, 'Bronze'),
(134, 165, 1, 'Bronze'),
(135, 169, 1, 'Bronze'),
(136, 171, 1, 'Bronze'),
(137, 177, 2, 'Bronze'),
(138, 183, 1, 'Bronze'),
(139, 186, 1, 'Bronze'),
(140, 199, 1, 'Bronze'),
(141, 205, 1, 'Bronze'),
(142, 208, 1, 'Bronze'),
(143, 210, 1, 'Bronze'),
(144, 212, 1, 'Bronze'),
(145, 215, 1, 'Bronze'),
(146, 219, 1, 'Bronze'),
(147, 221, 1, 'Bronze'),
(148, 223, 2, 'Bronze'),
(149, 226, 1, 'Bronze'),
(150, 230, 1, 'Bronze'),
(151, 234, 1, 'Bronze'),
(152, 243, 1, 'Bronze');

-- --------------------------------------------------------

--
-- Table structure for table `tbl_overall`
--

CREATE TABLE IF NOT EXISTS `tbl_overall` (
  `id` int(11) NOT NULL,
  `del_id` int(11) NOT NULL,
  `total_gold` int(11) NOT NULL,
  `total_silver` int(11) NOT NULL,
  `total_bronze` int(11) NOT NULL,
  `total` int(20) NOT NULL
) ENGINE=InnoDB AUTO_INCREMENT=23 DEFAULT CHARSET=latin1;

--
-- Dumping data for table `tbl_overall`
--

INSERT INTO `tbl_overall` (`id`, `del_id`, `total_gold`, `total_silver`, `total_bronze`, `total`) VALUES
(1, 1, 0, 0, 0, 0),
(2, 2, 19000, 500, 7, 19507),
(3, 3, 2000, 100, 1, 2101),
(4, 4, 4000, 150, 13, 4163),
(5, 5, 11000, 1000, 9, 12009),
(6, 6, 7000, 200, 2, 7202),
(7, 8, 4000, 400, 11, 4411),
(8, 9, 13000, 650, 17, 13667),
(9, 10, 1000, 50, 0, 1050),
(10, 11, 0, 0, 0, 0),
(11, 12, 0, 0, 0, 0),
(12, 13, 0, 0, 0, 0),
(13, 14, 0, 0, 0, 0),
(14, 15, 0, 0, 0, 0),
(15, 16, 0, 0, 0, 0),
(16, 17, 0, 0, 0, 0),
(17, 18, 0, 0, 0, 0),
(18, 19, 0, 0, 0, 0),
(19, 20, 0, 0, 0, 0),
(20, 21, 0, 0, 0, 0),
(21, 22, 0, 0, 0, 0),
(22, 23, 1000, 50, 1, 1051);

-- --------------------------------------------------------

--
-- Table structure for table `tbl_settings`
--

CREATE TABLE IF NOT EXISTS `tbl_settings` (
  `id` int(11) NOT NULL,
  `event_logo` varchar(200) NOT NULL,
  `event_heading` varchar(200) NOT NULL,
  `event_sub_heading` varchar(200) NOT NULL,
  `sign1` varchar(100) NOT NULL,
  `designation1` varchar(100) NOT NULL,
  `sign2` varchar(100) NOT NULL,
  `designation2` varchar(100) NOT NULL,
  `sign3` varchar(100) NOT NULL,
  `designation3` varchar(100) NOT NULL,
  `sign4` varchar(100) NOT NULL,
  `designation4` varchar(100) NOT NULL,
  `event_id` int(11) NOT NULL
) ENGINE=InnoDB AUTO_INCREMENT=4 DEFAULT CHARSET=latin1;

--
-- Dumping data for table `tbl_settings`
--

INSERT INTO `tbl_settings` (`id`, `event_logo`, `event_heading`, `event_sub_heading`, `sign1`, `designation1`, `sign2`, `designation2`, `sign3`, `designation3`, `sign4`, `designation4`, `event_id`) VALUES
(1, 'upload/logo.jpg', 'Republic of the Philippines\r\nDepartment of Education\r\nCaraga Administrative Region', '', 'SATURNINO C. MUTYA', 'Tournament Secretary', '', 'Track Referee/Filed Referee', 'JORGE P. JAMAHANI, SR.', 'TM-IAA Level II Coach 10259', '', '', 1),
(2, 'upload/djemfcst-logo.png', 'Department of Education\r\nCARAGA Administrative Region\r\nProvince of Dinagat Islands', '', 'asdas', 'dasd', 'asd', 'dasd', 'dasd', 'asdas', 'dasd', 'dasdsa', 4),
(3, 'images/logo.jpg', 'Republic of the Philippines\r\nCARAGA ADMINISTRATIVE REGION\r\nDIVISION OF DINAGAT ISLANDS', 'CARAGAAA-REGIONAL SPORTS COMPETITION 2019\r\nSurigao CIty Sport Complex\r\nSurigao City, Surigao del Norte\r\n', '', '', '', '', '', '', '', '', 2);

-- --------------------------------------------------------

--
-- Table structure for table `tbl_standing`
--

CREATE TABLE IF NOT EXISTS `tbl_standing` (
  `st_id` int(11) NOT NULL,
  `st_name` varchar(255) NOT NULL,
  `st_image` varchar(255) NOT NULL,
  `st_points` int(11) NOT NULL
) ENGINE=InnoDB DEFAULT CHARSET=latin1;

-- --------------------------------------------------------

--
-- Table structure for table `tbl_top_6`
--

CREATE TABLE IF NOT EXISTS `tbl_top_6` (
  `id` int(11) NOT NULL,
  `game_id` int(11) NOT NULL,
  `a_id` int(11) NOT NULL,
  `a_no` varchar(40) NOT NULL,
  `rank` int(11) NOT NULL,
  `remarks` varchar(255) NOT NULL,
  `lane` varchar(20) NOT NULL
) ENGINE=InnoDB AUTO_INCREMENT=390 DEFAULT CHARSET=latin1;

--
-- Dumping data for table `tbl_top_6`
--

INSERT INTO `tbl_top_6` (`id`, `game_id`, `a_id`, `a_no`, `rank`, `remarks`, `lane`) VALUES
(1, 56, 28, '007', 1, '26.23', ''),
(2, 56, 219, '174', 2, '25.92', ''),
(3, 56, 156, '226', 3, '25.45', ''),
(4, 56, 222, '175', 4, '23.15', ''),
(5, 56, 132, '114', 5, '22.90', ''),
(6, 56, 12, '003', 6, '22.85', ''),
(7, 14, 46, '292', 1, '18.94', ''),
(8, 14, 200, '264', 2, '20.34', ''),
(9, 14, 31, '081', 3, '21.25', ''),
(10, 14, 230, '184', 4, '21.37', ''),
(11, 14, 227, '183', 5, '21.53', ''),
(12, 14, 134, '035', 6, '22.41', ''),
(13, 58, 2, '063', 1, '16.04', ''),
(14, 58, 88, '227', 2, '15.07', ''),
(15, 58, 125, '239', 3, '13.61', ''),
(16, 58, 71, '019', 4, '12.75', ''),
(17, 58, 133, '241', 5, '12.46', ''),
(18, 58, 8, '065', 6, '12.45', ''),
(19, 59, 4, '077', 1, '24.80', ''),
(20, 59, 173, '256', 2, '24.0 (23.80)', ''),
(21, 59, 140, '036', 3, '24.0 (23.14)', ''),
(22, 59, 230, '184', 4, '23.98', ''),
(23, 59, 227, '183', 5, '16.84', ''),
(24, 59, 212, '235', 6, '18.30', ''),
(25, 57, 49, '071', 1, '38.22', ''),
(26, 57, 145, '193', 2, '35.10', ''),
(27, 57, 165, '201', 3, '35.04', ''),
(28, 57, 74, '221', 4, '34.49', ''),
(29, 57, 203, '250', 5, '33.94', ''),
(30, 57, 193, '244', 6, '32.82', ''),
(31, 3, 48, '011', 1, '15.93', ''),
(32, 3, 172, '168', 2, '16.00', ''),
(33, 3, 128, '240', 3, '16.29', ''),
(34, 3, 8, '065', 4, '16.85', ''),
(35, 3, 108, '236', 5, '16.91', ''),
(36, 3, 186, '170', 6, '17.16', ''),
(37, 1, 224, '176', 1, '14.59', ''),
(38, 1, 222, '175', 2, '15.10', ''),
(39, 1, 33, '008', 3, '15.10', ''),
(40, 1, 9, '002', 4, '15.53', ''),
(41, 1, 72, '055', 5, '15.91', ''),
(42, 1, 51, '273', 6, '15.94', ''),
(43, 2, 189, '132', 1, '12.18', ''),
(44, 2, 176, '205', 2, '12.28', ''),
(45, 2, 171, '203', 3, '12.56', ''),
(46, 2, 49, '071', 4, '12.62', ''),
(47, 2, 196, '246', 5, '12.66', ''),
(48, 2, 11, '301', 6, '12.78', ''),
(49, 4, 35, '082', 1, '13.44', ''),
(50, 4, 111, '122', 2, '14.15', ''),
(51, 4, 60, '294', 3, '14.43', ''),
(52, 4, 210, '234', 4, '15.15', ''),
(53, 4, 239, '191', 5, '15.25', ''),
(54, 4, 53, '293', 6, '15.47', ''),
(55, 54, 2, '063', 1, '16.10', ''),
(56, 54, 75, '020', 2, '15.59', ''),
(57, 54, 88, '227', 3, '14.32', ''),
(58, 54, 71, '019', 4, '13.76', ''),
(59, 54, 133, '241', 5, '12.35', ''),
(60, 54, 160, '165', 6, '12.16', ''),
(61, 16, 79, '222', 1, '18.65', ''),
(62, 16, 154, '197', 2, '18.59', ''),
(63, 16, 119, '025', 3, '19.00', ''),
(64, 16, 6, '299', 4, '19.03', ''),
(65, 16, 191, '243', 5, '19.16', ''),
(66, 16, 18, '303', 6, '19.31', ''),
(67, 15, 213, '172', 1, '21.75', ''),
(68, 15, 183, '233', 2, '23.15', ''),
(69, 15, 178, '231', 3, '24.47', ''),
(70, 15, 99, '061', 4, '24.84', ''),
(71, 15, 5, '001', 5, '24.96', ''),
(72, 15, 16, '004', 6, '25.84', ''),
(73, 13, 52, '012', 1, '22.53', ''),
(74, 13, 136, '242', 2, '22.65', ''),
(75, 13, 59, '014', 3, '22.68', ''),
(76, 13, 45, '282', 4, '22.78', ''),
(77, 13, 7, '064', 5, '24.47', ''),
(78, 13, 155, '164', 6, '24.97', ''),
(79, 53, 205, '252', 1, '26.73', ''),
(80, 53, 193, '244', 2, '26.67', ''),
(81, 53, 148, '194', 3, '24.13', ''),
(82, 53, 0, '', 4, '', ''),
(83, 53, 0, '', 5, '', ''),
(84, 53, 0, '', 6, '', ''),
(86, 69, 0, '', 2, '', ''),
(87, 69, 0, '', 3, '', ''),
(88, 69, 0, '', 4, '', ''),
(89, 69, 0, '', 5, '', ''),
(90, 69, 0, '', 6, '', ''),
(91, 52, 219, '174', 1, '17.49', ''),
(92, 52, 150, '225', 2, '17.32', ''),
(93, 52, 146, '224', 3, '15.87', ''),
(94, 52, 28, '007', 4, '15.25', ''),
(95, 52, 118, '111', 5, '14.48', ''),
(96, 52, 61, '276', 6, '14.67', ''),
(97, 50, 36, '279', 1, '5.0', ''),
(98, 50, 75, '020', 2, '4.64', ''),
(99, 50, 71, '019', 3, '4.56', ''),
(100, 50, 95, '230', 4, '4.45', ''),
(101, 50, 121, '238', 5, '4.39', ''),
(102, 50, 88, '227', 6, '4.30', ''),
(103, 55, 173, '256', 1, '21.03', ''),
(104, 55, 4, '077', 2, '18.77', ''),
(105, 55, 26, '080', 3, '17.85', ''),
(106, 55, 73, '296', 4, '16.64', ''),
(107, 55, 140, '036', 5, '16.22', ''),
(108, 55, 212, '235', 6, '16.15', ''),
(109, 48, 12, '003', 1, '7.66', ''),
(110, 48, 213, '172', 2, '6.95', ''),
(111, 48, 146, '224', 3, '6.72', ''),
(112, 48, 150, '225', 4, '6.30', ''),
(113, 48, 47, '272', 5, '6.19', ''),
(114, 48, 132, '114', 6, '6.08', ''),
(115, 23, 98, '231', 1, '3:05.40', ''),
(116, 23, 62, '015', 2, '3;08', ''),
(117, 23, 56, '013', 3, '3:10', ''),
(118, 23, 93, '229', 4, '3:17', ''),
(119, 23, 164, '166', 5, '3:26', ''),
(120, 23, 32, '278', 6, '3:50', ''),
(121, 22, 149, '195', 1, '2.16', ''),
(122, 22, 137, '033', 2, '2.20', ''),
(123, 22, 127, '028', 3, '2.25', ''),
(124, 22, 82, '223', 4, '2.28', ''),
(125, 22, 165, '201', 5, '2.32', ''),
(126, 22, 27, '305', 6, '2.39', ''),
(127, 21, 76, '056', 1, '2:48.50', ''),
(128, 21, 104, '062', 2, '2:55.00', ''),
(129, 21, 9, '002', 3, '3:03.10', ''),
(130, 21, 110, '109', 4, '3:05.62', ''),
(131, 21, 38, '009', 5, '3:50.70', ''),
(132, 21, 231, '180', 6, '3:57.60', ''),
(133, 24, 13, '078', 1, '2:48.97', ''),
(134, 24, 221, '241', 2, '2:56.0', ''),
(135, 24, 223, '242', 3, '3:02.06', ''),
(136, 24, 39, '083', 4, '3:15.84', ''),
(137, 24, 234, '186', 5, '3:18.3', ''),
(138, 24, 238, '190', 6, '3:25.37', ''),
(139, 49, 205, '252', 1, '9.63', ''),
(140, 49, 112, '022', 2, '9.54', ''),
(141, 49, 74, '221', 3, '9.17', ''),
(142, 49, 153, '196', 4, '8.45', ''),
(143, 49, 115, '023', 5, '8.07', ''),
(144, 49, 15, '302', 6, '7.86', ''),
(145, 51, 173, '256', 1, ' 7.37', ''),
(146, 51, 4, '077', 2, '7.10', ''),
(147, 51, 212, '235', 3, '6.42', ''),
(148, 51, 65, '295', 4, '6.22', ''),
(149, 51, 225, '182', 5, '6.09', ''),
(150, 51, 188, '259', 6, '6.03', ''),
(151, 19, 64, '016', 1, '1:30.50', ''),
(152, 19, 155, '164', 2, '1:36.44', ''),
(153, 19, 69, '018', 3, '1:41.25', ''),
(154, 19, 0, '', 4, '', ''),
(155, 19, 0, '', 5, '', ''),
(156, 19, 0, '', 6, '', ''),
(157, 20, 21, '079', 1, '1:27.10', ''),
(158, 20, 147, '039', 2, '1:29.09', ''),
(159, 20, 200, '264', 3, '1:31.07', ''),
(160, 20, 234, '186', 4, '1:31.31', ''),
(161, 20, 0, '', 5, '', ''),
(162, 20, 0, '', 6, '', ''),
(163, 17, 224, '176', 1, '1:21.29', ''),
(164, 17, 213, '172', 2, '1:24.07', ''),
(165, 17, 183, '233', 3, '1:34.19', ''),
(166, 17, 99, '061', 4, '1:34.72', ''),
(167, 17, 38, '009', 5, '1:40.75', ''),
(168, 17, 25, '006', 6, '1:51.50', ''),
(169, 18, 154, '197', 1, '1.04.56', ''),
(170, 18, 82, '223', 2, '1.06.22', ''),
(171, 18, 162, '200', 3, '1.07', ''),
(172, 18, 119, '025', 4, '1.08.27', ''),
(173, 18, 0, '', 5, '', ''),
(174, 18, 0, '', 6, '', ''),
(175, 38, 45, '282', 1, '3.03', ''),
(176, 38, 80, '118', 2, '2.98', ''),
(177, 38, 85, '226', 3, '2.92', ''),
(178, 38, 52, '012', 4, '2.87', ''),
(179, 38, 117, '337', 5, '2.81', ''),
(180, 38, 155, '164', 6, '2.75', ''),
(181, 36, 76, '056', 1, '3.43', ''),
(182, 36, 181, '232', 2, '3.37', ''),
(183, 36, 25, '006', 3, '3.32', ''),
(184, 36, 99, '061', 4, '3.20', ''),
(185, 36, 51, '273', 5, '3.15', ''),
(186, 36, 232, '181', 6, '3.13', ''),
(187, 7, 48, '011', 1, '35.10', ''),
(188, 7, 108, '236', 2, '36.68', ''),
(189, 7, 32, '278', 3, '37.21', ''),
(190, 7, 186, '170', 4, '37.90', ''),
(191, 7, 66, '017', 5, '38.06', ''),
(192, 7, 136, '242', 6, '38.15', ''),
(193, 8, 35, '082', 1, '29:57', ''),
(194, 8, 60, '294', 2, '31.78', ''),
(195, 8, 210, '234', 3, '32.28', ''),
(196, 8, 111, '122', 4, '32:65', ''),
(197, 8, 192, '261', 5, '36:00', ''),
(198, 8, 220, '240', 6, '36.19', ''),
(199, 6, 189, '132', 1, '25.90', ''),
(200, 6, 162, '200', 2, '26.00', ''),
(201, 6, 149, '195', 3, '26.10', ''),
(202, 6, 49, '071', 4, '26.93', ''),
(203, 6, 196, '246', 5, '27.81', ''),
(204, 6, 10, '300', 6, '27.97', ''),
(205, 5, 232, '181', 1, '32.19', ''),
(206, 5, 33, '008', 2, '32.90', ''),
(207, 5, 231, '180', 3, '33.90', ''),
(208, 5, 22, '005', 4, '34.07', ''),
(209, 5, 92, '059', 5, '35.00', ''),
(210, 5, 110, '109', 6, '35.56', ''),
(211, 39, 77, '297', 1, '3.83', ''),
(212, 39, 111, '122', 2, '3.74', ''),
(213, 39, 177, '257', 3, '3.43', ''),
(214, 39, 53, '293', 4, '3.40', ''),
(215, 39, 210, '234', 5, '3.24', ''),
(216, 39, 31, '081', 6, '3.22', ''),
(217, 37, 124, '027', 1, '4.98', ''),
(218, 37, 20, '304', 2, '4.67', ''),
(219, 37, 205, '252', 3, '4.64', ''),
(220, 37, 70, '200', 4, '4.56', ''),
(221, 37, 154, '197', 5, '4.45', ''),
(222, 37, 198, '247', 6, '4.34', ''),
(223, 71, 67, '283', 1, '20.32', ''),
(224, 71, 0, '', 2, '', ''),
(225, 71, 0, '', 3, '', ''),
(226, 71, 0, '', 4, '', ''),
(227, 71, 0, '', 5, '', ''),
(228, 71, 0, '', 6, '', ''),
(229, 73, 67, '283', 1, '41.38', ''),
(230, 73, 0, '', 2, '', ''),
(231, 73, 0, '', 3, '', ''),
(232, 73, 0, '', 4, '', ''),
(233, 73, 0, '', 5, '', ''),
(234, 73, 0, '', 6, '', ''),
(235, 10, 149, '195', 1, '54.88', ''),
(236, 10, 109, '021', 2, '56.01', ''),
(237, 10, 10, '300', 3, '59.47', ''),
(238, 10, 135, '031', 4, '1:00:31', ''),
(239, 10, 42, '070', 5, '1:35', ''),
(240, 10, 174, '204', 6, '1:40', ''),
(241, 9, 104, '062', 1, '1:14.12', ''),
(242, 9, 84, '058', 2, '1:14.84', ''),
(243, 9, 226, '177', 3, '1;15.44', ''),
(244, 9, 16, '004', 4, '1:18.75', ''),
(245, 9, 5, '001', 5, '1:19.00', ''),
(246, 9, 170, '229', 6, '1:25.00', ''),
(247, 12, 35, '082', 1, '1:09:81', ''),
(248, 12, 144, '038', 2, '1:14:40', ''),
(249, 12, 223, '242', 3, '1:16:53', ''),
(250, 12, 220, '240', 4, '1:19:16', ''),
(251, 12, 230, '184', 5, '1:20', ''),
(252, 12, 206, '266', 6, '1:30', ''),
(253, 11, 98, '231', 1, '1:16.75', ''),
(254, 11, 48, '011', 2, '1:19.91', ''),
(255, 11, 64, '016', 3, '1:20.53', ''),
(256, 11, 93, '229', 4, '1:22.75', ''),
(257, 11, 172, '168', 5, '1:27', ''),
(258, 11, 169, '167', 6, '1:37', ''),
(259, 34, 50, '072', 1, '12:09.41', ''),
(260, 34, 30, '306', 2, '12:20.44', ''),
(261, 34, 199, '248', 3, '13:55.32', ''),
(262, 34, 86, '224', 4, '14:42.38', ''),
(263, 34, 0, '', 5, '', ''),
(264, 34, 0, '', 6, '', ''),
(265, 35, 236, '188', 1, '15:47.06', ''),
(266, 35, 225, '182', 2, '16:01.38', ''),
(267, 35, 221, '241', 3, '18:16.57', ''),
(268, 35, 0, '', 4, '', ''),
(269, 35, 0, '', 5, '', ''),
(270, 35, 0, '', 6, '', ''),
(271, 31, 13, '078', 1, '13.01.38', ''),
(272, 31, 233, '185', 2, '13:51.40', ''),
(273, 31, 208, '233', 3, '14.40.44', ''),
(274, 31, 96, '123', 4, '15:12', ''),
(275, 31, 0, '', 5, '', ''),
(276, 31, 0, '', 6, '', ''),
(277, 28, 13, '078', 1, '5:52.28', ''),
(278, 28, 239, '191', 2, '6:16.59', ''),
(279, 28, 215, '237', 3, '6:35.88', ''),
(280, 28, 0, '', 4, '', ''),
(281, 28, 0, '', 5, '', ''),
(282, 28, 0, '', 6, '', ''),
(283, 25, 76, '056', 1, '5:47.44', ''),
(284, 25, 104, '062', 2, '5:50.53', ''),
(285, 25, 219, '174', 3, '5:53.19', ''),
(286, 25, 0, '', 4, '', ''),
(287, 25, 0, '', 5, '', ''),
(288, 25, 0, '', 6, '', ''),
(289, 26, 165, '201', 1, '4:49.22', ''),
(290, 26, 179, '206', 2, '4:54.75', ''),
(291, 26, 127, '028', 3, '4.56.72', ''),
(292, 26, 0, '', 4, '', ''),
(293, 26, 0, '', 5, '', ''),
(294, 26, 0, '', 6, '', ''),
(295, 40, 12, '003', 1, '8.55', ''),
(296, 40, 224, '176', 2, '8.23', ''),
(297, 40, 25, '006', 3, '8.15', ''),
(298, 40, 44, '271', 4, '7.10', ''),
(299, 40, 222, '175', 5, '7.08', ''),
(300, 40, 156, '226', 6, '6.88', ''),
(301, 43, 77, '297', 1, '8.40', ''),
(302, 43, 21, '079', 2, '8.29', ''),
(303, 43, 31, '081', 3, '8.07', ''),
(304, 43, 225, '182', 4, '8.04', ''),
(305, 43, 177, '257', 5, '7.97', ''),
(306, 43, 53, '293', 6, '7.63', ''),
(307, 41, 37, '217', 1, '11.07', ''),
(308, 41, 162, '200', 2, '10.81', ''),
(309, 41, 27, '305', 3, '10.46', ''),
(310, 41, 194, '245', 4, '10.35', ''),
(311, 41, 20, '304', 5, '10.28', ''),
(312, 41, 168, '202', 6, '10.28', ''),
(313, 42, 52, '012', 1, '6.92', ''),
(314, 42, 121, '338', 2, '6.42', ''),
(315, 42, 62, '015', 3, '6.40', ''),
(316, 42, 85, '226', 4, '6.17', ''),
(317, 42, 172, '168', 5, '6.16', ''),
(318, 42, 29, '277', 6, '5.92', ''),
(319, 27, 62, '015', 1, '6:09.63', ''),
(320, 27, 56, '013', 2, '6:17.09', ''),
(321, 27, 169, '167', 3, '6;25.88', ''),
(322, 27, 0, '', 4, '', ''),
(323, 27, 0, '', 5, '', ''),
(324, 27, 0, '', 6, '', ''),
(325, 63, 35, '082', 1, '44:65', ''),
(326, 63, 227, '183', 2, '49:46', ''),
(327, 63, 177, '257', 3, '52:94', ''),
(328, 63, 0, '', 4, '', ''),
(329, 63, 0, '', 5, '', ''),
(330, 63, 0, '', 6, '', ''),
(331, 61, 11, '301', 1, '40:38', ''),
(332, 61, 176, '205', 2, '40:72', ''),
(333, 61, 49, '071', 3, '43:03', ''),
(334, 61, 0, '', 4, '', ''),
(335, 61, 0, '', 5, '', ''),
(336, 61, 0, '', 6, '', ''),
(337, 62, 48, '011', 1, '54:97', ''),
(338, 62, 8, '065', 2, '58:69', ''),
(339, 62, 88, '227', 3, '1:02', ''),
(340, 62, 45, '282', 4, '1:04', ''),
(341, 62, 0, '', 5, '', ''),
(342, 62, 0, '', 6, '', ''),
(343, 60, 224, '176', 1, '47:66', ''),
(344, 60, 12, '003', 2, '48:50', ''),
(345, 60, 76, '056', 3, '52:53', ''),
(346, 60, 178, '231', 4, '54:00', ''),
(347, 60, 44, '271', 5, '54:20', ''),
(348, 60, 0, '', 6, '', ''),
(349, 65, 49, '071', 1, '2:58.41', ''),
(350, 65, 141, '031', 2, '2:58.65', ''),
(351, 65, 10, '300', 3, '3:00.44', ''),
(352, 65, 154, '197', 4, '3:18', ''),
(353, 65, 0, '', 5, '', ''),
(354, 65, 0, '', 6, '', ''),
(355, 67, 35, '082', 1, '3:25.18', ''),
(356, 67, 230, '184', 2, '3:46.06', ''),
(357, 67, 147, '039', 3, '3:46.93', ''),
(358, 67, 0, '', 4, '', ''),
(359, 67, 0, '', 5, '', ''),
(360, 67, 0, '', 6, '', ''),
(361, 33, 135, '031', 1, '19:49.82', ''),
(362, 33, 50, '072', 2, '19:51.82', ''),
(363, 33, 89, '225', 3, '20:22.72', ''),
(364, 33, 3, '298', 4, '21:07', ''),
(365, 33, 207, '253', 5, '22:00', ''),
(366, 33, 0, '', 6, '', ''),
(367, 64, 224, '176', 1, '3:28.66', ''),
(368, 64, 76, '056', 2, '3:41.47', ''),
(369, 64, 5, '001', 3, '3:50.00', ''),
(370, 64, 0, '', 4, '', ''),
(371, 64, 0, '', 5, '', ''),
(372, 64, 0, '', 6, '', ''),
(373, 66, 48, '011', 1, '4:01.38', ''),
(374, 66, 108, '236', 2, '4:22.97', ''),
(375, 66, 98, '231', 3, '4:35', ''),
(376, 66, 0, '', 4, '', ''),
(377, 66, 0, '', 5, '', ''),
(378, 66, 0, '', 6, '', ''),
(379, 69, 0, '', 7, '', ''),
(380, 69, 0, '', 8, '', ''),
(381, 69, 242, '001', 1, '10secs', '1'),
(382, 93, 243, '001', 1, '10', '1'),
(383, 93, 0, '', 2, '', ''),
(384, 93, 0, '', 3, '', ''),
(385, 93, 0, '', 4, '', ''),
(386, 93, 0, '', 5, '', ''),
(387, 93, 0, '', 6, '', ''),
(388, 93, 0, '', 7, '', ''),
(389, 93, 0, '', 8, '', '');

-- --------------------------------------------------------

--
-- Table structure for table `tbl_user`
--

CREATE TABLE IF NOT EXISTS `tbl_user` (
  `user_id` int(11) NOT NULL,
  `user_name` varchar(100) NOT NULL,
  `user_pass` varchar(255) NOT NULL,
  `user_fulname` varchar(100) NOT NULL,
  `user_type` varchar(100) NOT NULL,
  `user_status` int(11) NOT NULL
) ENGINE=InnoDB AUTO_INCREMENT=2 DEFAULT CHARSET=latin1;

--
-- Dumping data for table `tbl_user`
--

INSERT INTO `tbl_user` (`user_id`, `user_name`, `user_pass`, `user_fulname`, `user_type`, `user_status`) VALUES
(1, 'admin', 'a1Bz20ydqelm8m1wql21232f297a57a5a743894a0e4a801fc3', 'Administrator', 'admin', 1);

-- --------------------------------------------------------

--
-- Table structure for table `tbl_winner`
--

CREATE TABLE IF NOT EXISTS `tbl_winner` (
  `win_id` int(11) NOT NULL,
  `game_id` int(11) NOT NULL,
  `a_id` int(11) NOT NULL,
  `a_no` varchar(20) NOT NULL,
  `standing_id` varchar(50) NOT NULL,
  `remarks` varchar(255) NOT NULL,
  `lane` varchar(20) NOT NULL
) ENGINE=InnoDB AUTO_INCREMENT=193 DEFAULT CHARSET=latin1;

--
-- Dumping data for table `tbl_winner`
--

INSERT INTO `tbl_winner` (`win_id`, `game_id`, `a_id`, `a_no`, `standing_id`, `remarks`, `lane`) VALUES
(1, 56, 28, '007', 'Gold', '26.23', ''),
(2, 56, 219, '174', 'Silver', '25.92', ''),
(3, 56, 156, '226', 'Bronze', '25.45', ''),
(4, 58, 2, '063', 'Gold', '16.04', ''),
(5, 58, 88, '227', 'Silver', '15.07', ''),
(6, 58, 125, '239', 'Bronze', '13.61', ''),
(7, 59, 4, '077', 'Gold', '24.80', ''),
(8, 59, 173, '256', 'Silver', '24.0 (23.80)', ''),
(9, 59, 140, '036', 'Bronze', '24.0 (23.14)', ''),
(10, 57, 49, '071', 'Gold', '38.22', ''),
(11, 57, 145, '193', 'Silver', '35.10', ''),
(12, 57, 165, '201', 'Bronze', '35.04', ''),
(13, 54, 2, '063', 'Gold', '16.10', ''),
(14, 54, 75, '020', 'Silver', '15.59', ''),
(15, 54, 88, '227', 'Bronze', '14.32', ''),
(16, 53, 205, '252', 'Gold', '26.73', ''),
(17, 53, 193, '244', 'Silver', '26.67', ''),
(18, 53, 148, '194', 'Bronze', '24.13', ''),
(22, 52, 219, '174', 'Gold', '17.49', ''),
(23, 52, 150, '225', 'Silver', '17.32', ''),
(24, 52, 146, '224', 'Bronze', '15.87', ''),
(25, 50, 36, '279', 'Gold', '5.0-SAN JOSE', ''),
(26, 50, 75, '020', 'Silver', '4.64-BASILISA', ''),
(27, 50, 71, '019', 'Bronze', '4.56-BASILISA', ''),
(28, 55, 173, '256', 'Gold', '21.03', ''),
(29, 55, 4, '077', 'Silver', '18.77', ''),
(30, 55, 26, '080', 'Bronze', '17.85', ''),
(31, 48, 12, '003', 'Gold', '7.66', ''),
(32, 48, 213, '172', 'Silver', '6.95', ''),
(33, 48, 146, '224', 'Bronze', '6.72', ''),
(34, 23, 98, '231', 'Gold', '3:05-LIBJO', ''),
(35, 23, 62, '015', 'Silver', '3:08-BASILISA', ''),
(36, 23, 56, '013', 'Bronze', '3:10-BASILISA', ''),
(37, 22, 149, '195', 'Gold', '2.16', ''),
(38, 22, 137, '033', 'Silver', '2.20', ''),
(39, 22, 127, '028', 'Bronze', '2.25', ''),
(40, 21, 76, '056', 'Gold', '2:48.50', ''),
(41, 21, 104, '062', 'Silver', '2:55.00', ''),
(42, 21, 9, '002', 'Bronze', '3:03.10', ''),
(43, 24, 13, '078', 'Gold', '2:48.97', ''),
(44, 24, 221, '241', 'Silver', '2:56.0', ''),
(45, 24, 223, '242', 'Bronze', '3:02.06', ''),
(46, 2, 189, '132', 'Gold', '12.20', ''),
(47, 2, 176, '205', 'Silver', '12.25', ''),
(48, 2, 171, '203', 'Bronze', '12.75', ''),
(49, 1, 224, '176', 'Gold', '14.43', ''),
(50, 1, 222, '175', 'Silver', '14.94', ''),
(51, 1, 33, '008', 'Bronze', '15.29', ''),
(52, 3, 48, '011', 'Gold', '15.85-BASILISA', ''),
(53, 3, 172, '168', 'Silver', '16.63-LORETO', ''),
(54, 3, 108, '236', 'Bronze', '16.70-TUBAJON', ''),
(55, 49, 205, '252', 'Gold', '9.63', ''),
(56, 49, 112, '022', 'Silver', '9.54', ''),
(57, 49, 74, '221', 'Bronze', '9.17', ''),
(58, 51, 173, '256', 'Gold', '         7.37', ''),
(59, 51, 4, '077', 'Silver', '        7.10', ''),
(60, 51, 212, '235', 'Bronze', '6.42', ''),
(61, 4, 35, '082', 'Gold', '           13.66', ''),
(62, 4, 60, '294', 'Silver', '           14.19', ''),
(63, 4, 111, '122', 'Bronze', '14.50', ''),
(64, 19, 64, '016', 'Gold', '1:29.34', ''),
(65, 19, 155, '164', 'Silver', '1:38', ''),
(66, 19, 69, '018', 'Bronze', '1:39', ''),
(67, 38, 45, '282', 'Gold', '3.03-SAN JOSE', ''),
(68, 38, 80, '118', 'Silver', '2.98-DINAGAT', ''),
(69, 38, 85, '226', 'Bronze', '2.92-LIBJO', ''),
(70, 20, 21, '079', 'Gold', '           1:21:75', ''),
(71, 20, 147, '039', 'Silver', '           1:26:34', ''),
(72, 20, 234, '186', 'Bronze', '           1:28:40', ''),
(73, 36, 76, '056', 'Gold', '3.43', ''),
(74, 36, 181, '232', 'Silver', '3.37', ''),
(75, 36, 25, '006', 'Bronze', '3.32', ''),
(76, 7, 48, '011', 'Gold', '34.16-BASILISA', ''),
(77, 7, 108, '236', 'Silver', '36.31-TUBAJON', ''),
(78, 7, 186, '170', 'Bronze', '37.03-LORETO', ''),
(79, 18, 154, '197', 'Gold', '1.03:22', ''),
(80, 18, 82, '223', 'Silver', '1.06:09', ''),
(81, 18, 119, '025', 'Bronze', '1.12.82', ''),
(82, 17, 213, '172', 'Gold', '1:17.81', ''),
(83, 17, 224, '176', 'Silver', '1:21.88', ''),
(84, 17, 183, '233', 'Bronze', '1:37.81', ''),
(85, 39, 77, '297', 'Gold', '         3.83', ''),
(86, 39, 111, '122', 'Silver', '         3.74', ''),
(87, 39, 177, '257', 'Bronze', '         3.43', ''),
(88, 37, 124, '027', 'Gold', '4.98', ''),
(89, 37, 20, '304', 'Silver', '4.67', ''),
(90, 37, 205, '252', 'Bronze', '4.64', ''),
(97, 34, 50, '072', 'Gold', '12:09.41', ''),
(98, 34, 30, '306', 'Silver', '12:20.44', ''),
(99, 34, 199, '248', 'Bronze', '13:55.32', ''),
(100, 35, 236, '188', 'Gold', '15:47.06/ LORETO', ''),
(101, 35, 225, '182', 'Silver', '16:01.38/ LORETO', ''),
(102, 35, 221, '241', 'Bronze', '18:16.57/ LIBJO', ''),
(103, 31, 13, '078', 'Gold', '13.01.38/CAGDIANAO', ''),
(104, 31, 233, '185', 'Silver', '13:51.40/ LORETO', ''),
(105, 31, 208, '233', 'Bronze', '14:40.44/LIBJO', ''),
(106, 13, 45, '282', 'Gold', '20.62-SAN JOSE', ''),
(107, 13, 52, '012', 'Silver', '20.91-BASILISA', ''),
(108, 13, 136, '242', 'Bronze', '21.50-TUBAJON', ''),
(109, 15, 213, '172', 'Gold', '20.20', ''),
(110, 15, 183, '233', 'Silver', '22.10', ''),
(111, 15, 99, '061', 'Bronze', '22.78', ''),
(112, 14, 46, '292', 'Gold', '18:53/SAN JOSE', ''),
(113, 14, 31, '081', 'Silver', '19:03/ CAGDIANAO', ''),
(114, 14, 230, '184', 'Bronze', '19:56/LORETO', ''),
(115, 28, 13, '078', 'Gold', '5:52.28/CAGDIANAO', ''),
(116, 28, 239, '191', 'Silver', '6:16.59/ LORETO', ''),
(117, 28, 215, '237', 'Bronze', '6:35.88/LIBJO', ''),
(118, 16, 79, '222', 'Gold', '17:53/LIBJO', ''),
(119, 16, 154, '197', 'Silver', '18:00/LORETO', ''),
(120, 16, 119, '025', 'Bronze', '20:19/BASILISA', ''),
(121, 25, 76, '056', 'Gold', '5:47.44', ''),
(122, 25, 104, '062', 'Silver', '5:50.53', ''),
(123, 25, 219, '174', 'Bronze', '5:53.19', ''),
(124, 26, 165, '201', 'Gold', '4:49:22/ LORETO', ''),
(125, 26, 179, '206', 'Silver', '4:54:55/ LORETO', ''),
(126, 26, 127, '028', 'Bronze', '4:56:72/ BASILISA', ''),
(127, 5, 33, '008', 'Gold', '31.71', ''),
(128, 5, 231, '180', 'Silver', '32.55', ''),
(129, 5, 92, '059', 'Bronze', '34.16', ''),
(130, 8, 35, '082', 'Gold', '29:00/CAGDIANAO', ''),
(131, 8, 60, '294', 'Silver', '30.94/ SAN JOSE', ''),
(132, 8, 210, '234', 'Bronze', '32:28/LIBJO', ''),
(133, 6, 189, '132', 'Gold', '25:75/ DINAGAT', ''),
(134, 6, 149, '195', 'Silver', '25:84/ LORETO', ''),
(135, 6, 49, '071', 'Bronze', '26:15/ CAGDIANAO', ''),
(136, 40, 12, '003', 'Gold', '8.55', ''),
(137, 40, 224, '176', 'Silver', '8.23', ''),
(138, 40, 25, '006', 'Bronze', '8.15', ''),
(139, 41, 37, '217', 'Gold', '11.07/LIBJO', ''),
(140, 41, 162, '200', 'Silver', '10.81/ LORETO', ''),
(141, 41, 27, '305', 'Bronze', '10.46/ SAN JOSE', ''),
(142, 43, 77, '297', 'Gold', '8.40/SAN JOSE', ''),
(143, 43, 21, '079', 'Silver', '8.29/CSAGDIANAO', ''),
(144, 43, 31, '081', 'Bronze', '8.07/CAGDIANAO', ''),
(145, 42, 52, '012', 'Gold', '6.92-BASILISA', ''),
(146, 42, 121, '338', 'Silver', '6.42-TUBAJON', ''),
(147, 42, 62, '015', 'Bronze', '6.40-BASILISA', ''),
(148, 27, 62, '015', 'Gold', '6:09-BASILISA', ''),
(149, 27, 56, '013', 'Silver', '6:17-BASILISA', ''),
(150, 27, 169, '167', 'Bronze', '6:25-LORETO', ''),
(151, 9, 104, '062', 'Gold', '1:11.57', ''),
(152, 9, 84, '058', 'Silver', '1:12.94', ''),
(153, 9, 226, '177', 'Bronze', '1:13.84', ''),
(154, 63, 35, '082', 'Gold', '44:65', ''),
(155, 63, 227, '183', 'Silver', '49:46', ''),
(156, 63, 177, '257', 'Bronze', '52:94', ''),
(157, 61, 11, '301', 'Gold', '40:38/ SAN JOSE', ''),
(158, 61, 176, '205', 'Silver', '40:72/ LORETO', ''),
(159, 61, 49, '071', 'Bronze', '43:03/ CAGDIANAO', ''),
(160, 12, 35, '082', 'Gold', '1:09.06/ CAGDIANAO', ''),
(161, 12, 144, '038', 'Silver', '1:14.03/BASILISA', ''),
(162, 12, 223, '242', 'Bronze', '1:14.69/LIBJO', ''),
(163, 62, 48, '011', 'Gold', '54:97-BASILISA', ''),
(164, 62, 8, '065', 'Silver', '58:69-CAGDIANAO', ''),
(165, 62, 88, '227', 'Bronze', '1:02-LIBJO', ''),
(166, 10, 149, '195', 'Gold', '54:56/ LORETO', ''),
(167, 10, 109, '021', 'Silver', '57:82/ BASILISA', ''),
(168, 10, 135, '031', 'Bronze', '59:84/ BASILISA', ''),
(169, 65, 49, '071', 'Gold', '2:58.41/ CAGDIANAO', ''),
(170, 65, 141, '031', 'Silver', '2:58.65/ BASILISA', ''),
(171, 65, 10, '300', 'Bronze', '3:00.44/ SAN JOSE', ''),
(172, 67, 35, '082', 'Gold', '3:25.18/ CAGDIANAO', ''),
(173, 67, 230, '184', 'Silver', '3:46.06/ LORETO', ''),
(174, 67, 147, '039', 'Bronze', '3:46.93/ BASILISA', ''),
(175, 60, 224, '176', 'Gold', '47:66', ''),
(176, 60, 12, '003', 'Silver', '48:50', ''),
(177, 60, 76, '056', 'Bronze', '52:53', ''),
(178, 11, 98, '231', 'Gold', '1:16.75-LIBJO', ''),
(179, 11, 48, '011', 'Silver', '1:19.91-BASILISA', ''),
(180, 11, 64, '016', 'Bronze', '1:20.53-BASILISA', ''),
(181, 33, 135, '031', 'Gold', '19:49.82/ BASILISA', ''),
(182, 33, 50, '072', 'Silver', '19:51.82/ CAGDIANAO', ''),
(183, 33, 89, '225', 'Bronze', '20:22/LIBJO', ''),
(184, 64, 224, '176', 'Gold', '3:28.66', ''),
(185, 64, 76, '056', 'Silver', '3:41.47', ''),
(186, 64, 5, '001', 'Bronze', '3:50.00', ''),
(187, 66, 48, '011', 'Gold', '4:01-BASILISA', ''),
(188, 66, 108, '236', 'Silver', '4:22-TUBAJON', ''),
(189, 66, 98, '231', 'Bronze', '4:35-LIBJO', ''),
(190, 93, 243, '001', 'Gold', '1', '1'),
(191, 93, 243, '001', 'Silver', '2', '2'),
(192, 93, 243, '001', 'Bronze', '3', '3');

--
-- Indexes for dumped tables
--

--
-- Indexes for table `tbl_athlete`
--
ALTER TABLE `tbl_athlete`
  ADD PRIMARY KEY (`a_id`);

--
-- Indexes for table `tbl_athlete_game`
--
ALTER TABLE `tbl_athlete_game`
  ADD PRIMARY KEY (`id`);

--
-- Indexes for table `tbl_athlete_overall`
--
ALTER TABLE `tbl_athlete_overall`
  ADD PRIMARY KEY (`ao_id`);

--
-- Indexes for table `tbl_delegates`
--
ALTER TABLE `tbl_delegates`
  ADD PRIMARY KEY (`del_id`);

--
-- Indexes for table `tbl_event`
--
ALTER TABLE `tbl_event`
  ADD PRIMARY KEY (`event_id`);

--
-- Indexes for table `tbl_games`
--
ALTER TABLE `tbl_games`
  ADD PRIMARY KEY (`game_id`);

--
-- Indexes for table `tbl_medalist`
--
ALTER TABLE `tbl_medalist`
  ADD PRIMARY KEY (`md_id`);

--
-- Indexes for table `tbl_overall`
--
ALTER TABLE `tbl_overall`
  ADD PRIMARY KEY (`id`);

--
-- Indexes for table `tbl_settings`
--
ALTER TABLE `tbl_settings`
  ADD PRIMARY KEY (`id`);

--
-- Indexes for table `tbl_standing`
--
ALTER TABLE `tbl_standing`
  ADD PRIMARY KEY (`st_id`);

--
-- Indexes for table `tbl_top_6`
--
ALTER TABLE `tbl_top_6`
  ADD PRIMARY KEY (`id`);

--
-- Indexes for table `tbl_user`
--
ALTER TABLE `tbl_user`
  ADD PRIMARY KEY (`user_id`);

--
-- Indexes for table `tbl_winner`
--
ALTER TABLE `tbl_winner`
  ADD PRIMARY KEY (`win_id`);

--
-- AUTO_INCREMENT for dumped tables
--

--
-- AUTO_INCREMENT for table `tbl_athlete`
--
ALTER TABLE `tbl_athlete`
  MODIFY `a_id` int(11) NOT NULL AUTO_INCREMENT,AUTO_INCREMENT=244;
--
-- AUTO_INCREMENT for table `tbl_athlete_game`
--
ALTER TABLE `tbl_athlete_game`
  MODIFY `id` int(11) NOT NULL AUTO_INCREMENT,AUTO_INCREMENT=883;
--
-- AUTO_INCREMENT for table `tbl_athlete_overall`
--
ALTER TABLE `tbl_athlete_overall`
  MODIFY `ao_id` int(11) NOT NULL AUTO_INCREMENT,AUTO_INCREMENT=40;
--
-- AUTO_INCREMENT for table `tbl_delegates`
--
ALTER TABLE `tbl_delegates`
  MODIFY `del_id` int(11) NOT NULL AUTO_INCREMENT,AUTO_INCREMENT=24;
--
-- AUTO_INCREMENT for table `tbl_event`
--
ALTER TABLE `tbl_event`
  MODIFY `event_id` int(11) NOT NULL AUTO_INCREMENT,AUTO_INCREMENT=3;
--
-- AUTO_INCREMENT for table `tbl_games`
--
ALTER TABLE `tbl_games`
  MODIFY `game_id` int(11) NOT NULL AUTO_INCREMENT,AUTO_INCREMENT=139;
--
-- AUTO_INCREMENT for table `tbl_medalist`
--
ALTER TABLE `tbl_medalist`
  MODIFY `md_id` int(11) NOT NULL AUTO_INCREMENT,AUTO_INCREMENT=153;
--
-- AUTO_INCREMENT for table `tbl_overall`
--
ALTER TABLE `tbl_overall`
  MODIFY `id` int(11) NOT NULL AUTO_INCREMENT,AUTO_INCREMENT=23;
--
-- AUTO_INCREMENT for table `tbl_settings`
--
ALTER TABLE `tbl_settings`
  MODIFY `id` int(11) NOT NULL AUTO_INCREMENT,AUTO_INCREMENT=4;
--
-- AUTO_INCREMENT for table `tbl_standing`
--
ALTER TABLE `tbl_standing`
  MODIFY `st_id` int(11) NOT NULL AUTO_INCREMENT;
--
-- AUTO_INCREMENT for table `tbl_top_6`
--
ALTER TABLE `tbl_top_6`
  MODIFY `id` int(11) NOT NULL AUTO_INCREMENT,AUTO_INCREMENT=390;
--
-- AUTO_INCREMENT for table `tbl_user`
--
ALTER TABLE `tbl_user`
  MODIFY `user_id` int(11) NOT NULL AUTO_INCREMENT,AUTO_INCREMENT=2;
--
-- AUTO_INCREMENT for table `tbl_winner`
--
ALTER TABLE `tbl_winner`
  MODIFY `win_id` int(11) NOT NULL AUTO_INCREMENT,AUTO_INCREMENT=193;
/*!40101 SET CHARACTER_SET_CLIENT=@OLD_CHARACTER_SET_CLIENT */;
/*!40101 SET CHARACTER_SET_RESULTS=@OLD_CHARACTER_SET_RESULTS */;
/*!40101 SET COLLATION_CONNECTION=@OLD_COLLATION_CONNECTION */;
